date,sku,qty,description
2023-01-01,BOWL-24,9,24oz Salad Bowl
2023-01-01,CARR-4CUP,1,4-Cup Carrier
2023-01-01,CLAM-BURG,5,Burger Clamshell
2023-01-01,CUP-12OZ,5,12oz Paper Cup
2023-01-01,CUP-16OZ,3,16oz Paper Cup
2023-01-01,CUP-8OZ,5,8oz Paper Cup
2023-01-01,LID-90,5,90mm Dome Lid
2023-01-01,NAP-33,8,33cm Napkin
2023-01-02,BOWL-24,8,24oz Salad Bowl
2023-01-02,CLAM-BURG,1,Burger Clamshell
2023-01-02,CUP-12OZ,5,12oz Paper Cup
2023-01-02,CUP-16OZ,3,16oz Paper Cup
2023-01-02,CUP-8OZ,5,8oz Paper Cup
2023-01-02,LID-90,5,90mm Dome Lid
2023-01-02,NAP-33,6,33cm Napkin
2023-01-03,BOWL-24,10,24oz Salad Bowl
2023-01-03,CLAM-BURG,1,Burger Clamshell
2023-01-03,CUP-12OZ,5,12oz Paper Cup
2023-01-03,CUP-16OZ,5,16oz Paper Cup
2023-01-03,CUP-8OZ,5,8oz Paper Cup
2023-01-03,LID-90,6,90mm Dome Lid
2023-01-03,NAP-33,7,33cm Napkin
2023-01-04,BOWL-24,12,24oz Salad Bowl
2023-01-04,CLAM-BURG,3,Burger Clamshell
2023-01-04,CUP-12OZ,5,12oz Paper Cup
2023-01-04,CUP-16OZ,1,16oz Paper Cup
2023-01-04,CUP-8OZ,5,8oz Paper Cup
2023-01-04,LID-90,4,90mm Dome Lid
2023-01-04,NAP-33,7,33cm Napkin
2023-01-04,SLEEVE-12,20,12oz Cup Sleeve
2023-01-05,BOWL-24,2,24oz Salad Bowl
2023-01-05,CLAM-BURG,4,Burger Clamshell
2023-01-05,CUP-12OZ,4,12oz Paper Cup
2023-01-05,CUP-16OZ,3,16oz Paper Cup
2023-01-05,CUP-8OZ,5,8oz Paper Cup
2023-01-05,LID-90,5,90mm Dome Lid
2023-01-05,NAP-33,7,33cm Napkin
2023-01-06,BOWL-24,4,24oz Salad Bowl
2023-01-06,CLAM-BURG,2,Burger Clamshell
2023-01-06,CUP-12OZ,2,12oz Paper Cup
2023-01-06,CUP-16OZ,2,16oz Paper Cup
2023-01-06,CUP-8OZ,3,8oz Paper Cup
2023-01-06,LID-90,3,90mm Dome Lid
2023-01-06,NAP-33,4,33cm Napkin
2023-01-07,BOWL-24,14,24oz Salad Bowl
2023-01-07,CLAM-BURG,5,Burger Clamshell
2023-01-07,CUP-12OZ,5,12oz Paper Cup
2023-01-07,CUP-16OZ,2,16oz Paper Cup
2023-01-07,CUP-8OZ,5,8oz Paper Cup
2023-01-07,LID-90,6,90mm Dome Lid
2023-01-07,NAP-33,8,33cm Napkin
2023-01-08,BOWL-24,10,24oz Salad Bowl
2023-01-08,CLAM-BURG,3,Burger Clamshell
2023-01-08,CUP-12OZ,4,12oz Paper Cup
2023-01-08,CUP-16OZ,5,16oz Paper Cup
2023-01-08,CUP-8OZ,6,8oz Paper Cup
2023-01-08,LID-90,6,90mm Dome Lid
2023-01-08,NAP-33,10,33cm Napkin
2023-01-09,BOWL-24,13,24oz Salad Bowl
2023-01-09,CARR-4CUP,1,4-Cup Carrier
2023-01-09,CLAM-BURG,4,Burger Clamshell
2023-01-09,CUP-12OZ,5,12oz Paper Cup
2023-01-09,CUP-16OZ,2,16oz Paper Cup
2023-01-09,CUP-8OZ,5,8oz Paper Cup
2023-01-09,LID-90,5,90mm Dome Lid
2023-01-09,NAP-33,7,33cm Napkin
2023-01-10,BOWL-24,10,24oz Salad Bowl
2023-01-10,CLAM-BURG,2,Burger Clamshell
2023-01-10,CUP-12OZ,5,12oz Paper Cup
2023-01-10,CUP-16OZ,3,16oz Paper Cup
2023-01-10,CUP-8OZ,5,8oz Paper Cup
2023-01-10,LID-90,5,90mm Dome Lid
2023-01-10,NAP-33,7,33cm Napkin
2023-01-10,SLEEVE-12,21,12oz Cup Sleeve
2023-01-11,BOWL-24,11,24oz Salad Bowl
2023-01-11,CLAM-BURG,4,Burger Clamshell
2023-01-11,CUP-12OZ,5,12oz Paper Cup
2023-01-11,CUP-16OZ,3,16oz Paper Cup
2023-01-11,CUP-8OZ,5,8oz Paper Cup
2023-01-11,LID-90,5,90mm Dome Lid
2023-01-11,NAP-33,7,33cm Napkin
2023-01-12,BOWL-24,10,24oz Salad Bowl
2023-01-12,CLAM-BURG,4,Burger Clamshell
2023-01-12,CUP-12OZ,4,12oz Paper Cup
2023-01-12,CUP-16OZ,2,16oz Paper Cup
2023-01-12,CUP-8OZ,5,8oz Paper Cup
2023-01-12,LID-90,6,90mm Dome Lid
2023-01-12,NAP-33,7,33cm Napkin
2023-01-13,BOWL-24,5,24oz Salad Bowl
2023-01-13,CLAM-BURG,1,Burger Clamshell
2023-01-13,CUP-12OZ,2,12oz Paper Cup
2023-01-13,CUP-16OZ,1,16oz Paper Cup
2023-01-13,CUP-8OZ,3,8oz Paper Cup
2023-01-13,LID-90,3,90mm Dome Lid
2023-01-13,NAP-33,5,33cm Napkin
2023-01-14,CLAM-BURG,2,Burger Clamshell
2023-01-14,CUP-12OZ,5,12oz Paper Cup
2023-01-14,CUP-16OZ,3,16oz Paper Cup
2023-01-14,CUP-8OZ,5,8oz Paper Cup
2023-01-14,LID-90,5,90mm Dome Lid
2023-01-14,NAP-33,8,33cm Napkin
2023-01-15,BOWL-24,11,24oz Salad Bowl
2023-01-15,CLAM-BURG,3,Burger Clamshell
2023-01-15,CUP-12OZ,5,12oz Paper Cup
2023-01-15,CUP-16OZ,3,16oz Paper Cup
2023-01-15,CUP-8OZ,7,8oz Paper Cup
2023-01-15,LID-90,6,90mm Dome Lid
2023-01-15,NAP-33,7,33cm Napkin
2023-01-16,BOWL-24,2,24oz Salad Bowl
2023-01-16,CLAM-BURG,1,Burger Clamshell
2023-01-16,CUP-12OZ,5,12oz Paper Cup
2023-01-16,CUP-16OZ,3,16oz Paper Cup
2023-01-16,CUP-8OZ,6,8oz Paper Cup
2023-01-16,LID-90,5,90mm Dome Lid
2023-01-16,NAP-33,7,33cm Napkin
2023-01-17,BOWL-24,7,24oz Salad Bowl
2023-01-17,CLAM-BURG,2,Burger Clamshell
2023-01-17,CUP-12OZ,5,12oz Paper Cup
2023-01-17,CUP-16OZ,4,16oz Paper Cup
2023-01-17,CUP-8OZ,6,8oz Paper Cup
2023-01-17,LID-90,5,90mm Dome Lid
2023-01-17,NAP-33,8,33cm Napkin
2023-01-18,BOWL-24,12,24oz Salad Bowl
2023-01-18,CARR-4CUP,1,4-Cup Carrier
2023-01-18,CLAM-BURG,3,Burger Clamshell
2023-01-18,CUP-12OZ,4,12oz Paper Cup
2023-01-18,CUP-16OZ,4,16oz Paper Cup
2023-01-18,CUP-8OZ,5,8oz Paper Cup
2023-01-18,LID-90,5,90mm Dome Lid
2023-01-18,NAP-33,8,33cm Napkin
2023-01-19,BOWL-24,4,24oz Salad Bowl
2023-01-19,CLAM-BURG,3,Burger Clamshell
2023-01-19,CUP-12OZ,4,12oz Paper Cup
2023-01-19,CUP-16OZ,2,16oz Paper Cup
2023-01-19,CUP-8OZ,5,8oz Paper Cup
2023-01-19,LID-90,5,90mm Dome Lid
2023-01-19,NAP-33,7,33cm Napkin
2023-01-20,BOWL-24,4,24oz Salad Bowl
2023-01-20,CARR-4CUP,1,4-Cup Carrier
2023-01-20,CLAM-BURG,2,Burger Clamshell
2023-01-20,CUP-12OZ,2,12oz Paper Cup
2023-01-20,CUP-16OZ,3,16oz Paper Cup
2023-01-20,CUP-8OZ,3,8oz Paper Cup
2023-01-20,LID-90,3,90mm Dome Lid
2023-01-20,NAP-33,4,33cm Napkin
2023-01-21,BOWL-24,6,24oz Salad Bowl
2023-01-21,CLAM-BURG,4,Burger Clamshell
2023-01-21,CUP-12OZ,5,12oz Paper Cup
2023-01-21,CUP-16OZ,3,16oz Paper Cup
2023-01-21,CUP-8OZ,6,8oz Paper Cup
2023-01-21,LID-90,7,90mm Dome Lid
2023-01-21,NAP-33,8,33cm Napkin
2023-01-22,BOWL-24,7,24oz Salad Bowl
2023-01-22,CLAM-BURG,2,Burger Clamshell
2023-01-22,CUP-12OZ,6,12oz Paper Cup
2023-01-22,CUP-16OZ,5,16oz Paper Cup
2023-01-22,CUP-8OZ,6,8oz Paper Cup
2023-01-22,LID-90,5,90mm Dome Lid
2023-01-22,NAP-33,9,33cm Napkin
2023-01-23,BOWL-24,4,24oz Salad Bowl
2023-01-23,CARR-4CUP,2,4-Cup Carrier
2023-01-23,CLAM-BURG,3,Burger Clamshell
2023-01-23,CUP-12OZ,4,12oz Paper Cup
2023-01-23,CUP-16OZ,4,16oz Paper Cup
2023-01-23,CUP-8OZ,5,8oz Paper Cup
2023-01-23,LID-90,6,90mm Dome Lid
2023-01-23,NAP-33,7,33cm Napkin
2023-01-24,BOWL-24,12,24oz Salad Bowl
2023-01-24,CARR-4CUP,2,4-Cup Carrier
2023-01-24,CLAM-BURG,2,Burger Clamshell
2023-01-24,CUP-12OZ,4,12oz Paper Cup
2023-01-24,CUP-16OZ,3,16oz Paper Cup
2023-01-24,CUP-8OZ,5,8oz Paper Cup
2023-01-24,LID-90,5,90mm Dome Lid
2023-01-24,NAP-33,7,33cm Napkin
2023-01-24,SLEEVE-12,12,12oz Cup Sleeve
2023-01-25,BOWL-24,2,24oz Salad Bowl
2023-01-25,CLAM-BURG,3,Burger Clamshell
2023-01-25,CUP-12OZ,5,12oz Paper Cup
2023-01-25,CUP-16OZ,2,16oz Paper Cup
2023-01-25,CUP-8OZ,5,8oz Paper Cup
2023-01-25,LID-90,6,90mm Dome Lid
2023-01-25,NAP-33,6,33cm Napkin
2023-01-26,BOWL-24,1,24oz Salad Bowl
2023-01-26,CARR-4CUP,2,4-Cup Carrier
2023-01-26,CLAM-BURG,3,Burger Clamshell
2023-01-26,CUP-12OZ,5,12oz Paper Cup
2023-01-26,CUP-16OZ,4,16oz Paper Cup
2023-01-26,CUP-8OZ,5,8oz Paper Cup
2023-01-26,LID-90,5,90mm Dome Lid
2023-01-26,NAP-33,7,33cm Napkin
2023-01-27,BOWL-24,7,24oz Salad Bowl
2023-01-27,CLAM-BURG,3,Burger Clamshell
2023-01-27,CUP-12OZ,2,12oz Paper Cup
2023-01-27,CUP-8OZ,3,8oz Paper Cup
2023-01-27,LID-90,3,90mm Dome Lid
2023-01-27,NAP-33,4,33cm Napkin
2023-01-28,BOWL-24,6,24oz Salad Bowl
2023-01-28,CLAM-BURG,3,Burger Clamshell
2023-01-28,CUP-12OZ,5,12oz Paper Cup
2023-01-28,CUP-16OZ,4,16oz Paper Cup
2023-01-28,CUP-8OZ,6,8oz Paper Cup
2023-01-28,LID-90,6,90mm Dome Lid
2023-01-28,NAP-33,9,33cm Napkin
2023-01-29,BOWL-24,12,24oz Salad Bowl
2023-01-29,CLAM-BURG,5,Burger Clamshell
2023-01-29,CUP-12OZ,4,12oz Paper Cup
2023-01-29,CUP-16OZ,6,16oz Paper Cup
2023-01-29,CUP-8OZ,6,8oz Paper Cup
2023-01-29,LID-90,5,90mm Dome Lid
2023-01-29,NAP-33,8,33cm Napkin
2023-01-30,BOWL-24,10,24oz Salad Bowl
2023-01-30,CARR-4CUP,1,4-Cup Carrier
2023-01-30,CLAM-BURG,3,Burger Clamshell
2023-01-30,CUP-12OZ,5,12oz Paper Cup
2023-01-30,CUP-16OZ,5,16oz Paper Cup
2023-01-30,CUP-8OZ,5,8oz Paper Cup
2023-01-30,LID-90,5,90mm Dome Lid
2023-01-30,NAP-33,8,33cm Napkin
2023-01-31,BOWL-24,2,24oz Salad Bowl
2023-01-31,CLAM-BURG,3,Burger Clamshell
2023-01-31,CUP-12OZ,4,12oz Paper Cup
2023-01-31,CUP-16OZ,5,16oz Paper Cup
2023-01-31,CUP-8OZ,5,8oz Paper Cup
2023-01-31,LID-90,6,90mm Dome Lid
2023-01-31,NAP-33,8,33cm Napkin
2023-02-01,BOWL-24,8,24oz Salad Bowl
2023-02-01,CLAM-BURG,3,Burger Clamshell
2023-02-01,CUP-12OZ,5,12oz Paper Cup
2023-02-01,CUP-16OZ,6,16oz Paper Cup
2023-02-01,CUP-8OZ,5,8oz Paper Cup
2023-02-01,LID-90,5,90mm Dome Lid
2023-02-01,NAP-33,8,33cm Napkin
2023-02-02,BOWL-24,10,24oz Salad Bowl
2023-02-02,CLAM-BURG,4,Burger Clamshell
2023-02-02,CUP-12OZ,5,12oz Paper Cup
2023-02-02,CUP-16OZ,2,16oz Paper Cup
2023-02-02,CUP-8OZ,5,8oz Paper Cup
2023-02-02,LID-90,6,90mm Dome Lid
2023-02-02,NAP-33,7,33cm Napkin
2023-02-03,BOWL-24,4,24oz Salad Bowl
2023-02-03,CLAM-BURG,2,Burger Clamshell
2023-02-03,CUP-12OZ,3,12oz Paper Cup
2023-02-03,CUP-16OZ,2,16oz Paper Cup
2023-02-03,CUP-8OZ,3,8oz Paper Cup
2023-02-03,LID-90,3,90mm Dome Lid
2023-02-03,NAP-33,3,33cm Napkin
2023-02-04,BOWL-24,16,24oz Salad Bowl
2023-02-04,CLAM-BURG,1,Burger Clamshell
2023-02-04,CUP-12OZ,6,12oz Paper Cup
2023-02-04,CUP-16OZ,1,16oz Paper Cup
2023-02-04,CUP-8OZ,6,8oz Paper Cup
2023-02-04,LID-90,6,90mm Dome Lid
2023-02-04,NAP-33,7,33cm Napkin
2023-02-05,BOWL-24,9,24oz Salad Bowl
2023-02-05,CLAM-BURG,1,Burger Clamshell
2023-02-05,CUP-12OZ,6,12oz Paper Cup
2023-02-05,CUP-16OZ,2,16oz Paper Cup
2023-02-05,CUP-8OZ,8,8oz Paper Cup
2023-02-05,LID-90,6,90mm Dome Lid
2023-02-05,NAP-33,8,33cm Napkin
2023-02-05,STIR-WD,1,Wooden Stirrer
2023-02-06,BOWL-24,11,24oz Salad Bowl
2023-02-06,CLAM-BURG,2,Burger Clamshell
2023-02-06,CUP-12OZ,4,12oz Paper Cup
2023-02-06,CUP-16OZ,4,16oz Paper Cup
2023-02-06,CUP-8OZ,6,8oz Paper Cup
2023-02-06,LID-90,6,90mm Dome Lid
2023-02-06,NAP-33,9,33cm Napkin
2023-02-07,BOWL-24,7,24oz Salad Bowl
2023-02-07,CLAM-BURG,4,Burger Clamshell
2023-02-07,CUP-12OZ,4,12oz Paper Cup
2023-02-07,CUP-16OZ,3,16oz Paper Cup
2023-02-07,CUP-8OZ,5,8oz Paper Cup
2023-02-07,LID-90,6,90mm Dome Lid
2023-02-07,NAP-33,7,33cm Napkin
2023-02-08,BOWL-24,5,24oz Salad Bowl
2023-02-08,CLAM-BURG,3,Burger Clamshell
2023-02-08,CUP-12OZ,4,12oz Paper Cup
2023-02-08,CUP-16OZ,4,16oz Paper Cup
2023-02-08,CUP-8OZ,5,8oz Paper Cup
2023-02-08,LID-90,5,90mm Dome Lid
2023-02-08,NAP-33,7,33cm Napkin
2023-02-09,BOWL-24,6,24oz Salad Bowl
2023-02-09,CLAM-BURG,3,Burger Clamshell
2023-02-09,CUP-12OZ,4,12oz Paper Cup
2023-02-09,CUP-16OZ,3,16oz Paper Cup
2023-02-09,CUP-8OZ,5,8oz Paper Cup
2023-02-09,LID-90,5,90mm Dome Lid
2023-02-09,NAP-33,8,33cm Napkin
2023-02-10,BOWL-24,2,24oz Salad Bowl
2023-02-10,CLAM-BURG,2,Burger Clamshell
2023-02-10,CUP-12OZ,3,12oz Paper Cup
2023-02-10,CUP-16OZ,2,16oz Paper Cup
2023-02-10,CUP-8OZ,3,8oz Paper Cup
2023-02-10,LID-90,2,90mm Dome Lid
2023-02-10,NAP-33,4,33cm Napkin
2023-02-10,STIR-WD,1,Wooden Stirrer
2023-02-11,BOWL-24,12,24oz Salad Bowl
2023-02-11,CLAM-BURG,3,Burger Clamshell
2023-02-11,CUP-12OZ,4,12oz Paper Cup
2023-02-11,CUP-16OZ,1,16oz Paper Cup
2023-02-11,CUP-8OZ,6,8oz Paper Cup
2023-02-11,LID-90,5,90mm Dome Lid
2023-02-11,NAP-33,8,33cm Napkin
2023-02-12,BOWL-24,6,24oz Salad Bowl
2023-02-12,CLAM-BURG,2,Burger Clamshell
2023-02-12,CUP-12OZ,5,12oz Paper Cup
2023-02-12,CUP-16OZ,3,16oz Paper Cup
2023-02-12,CUP-8OZ,7,8oz Paper Cup
2023-02-12,LID-90,5,90mm Dome Lid
2023-02-12,NAP-33,8,33cm Napkin
2023-02-13,BOWL-24,1,24oz Salad Bowl
2023-02-13,CLAM-BURG,3,Burger Clamshell
2023-02-13,CUP-12OZ,4,12oz Paper Cup
2023-02-13,CUP-16OZ,2,16oz Paper Cup
2023-02-13,CUP-8OZ,6,8oz Paper Cup
2023-02-13,LID-90,6,90mm Dome Lid
2023-02-13,NAP-33,8,33cm Napkin
2023-02-14,BOWL-24,5,24oz Salad Bowl
2023-02-14,CLAM-BURG,4,Burger Clamshell
2023-02-14,CUP-12OZ,5,12oz Paper Cup
2023-02-14,CUP-16OZ,3,16oz Paper Cup
2023-02-14,CUP-8OZ,4,8oz Paper Cup
2023-02-14,LID-90,5,90mm Dome Lid
2023-02-14,NAP-33,7,33cm Napkin
2023-02-15,BOWL-24,11,24oz Salad Bowl
2023-02-15,CLAM-BURG,2,Burger Clamshell
2023-02-15,CUP-12OZ,5,12oz Paper Cup
2023-02-15,CUP-16OZ,3,16oz Paper Cup
2023-02-15,CUP-8OZ,6,8oz Paper Cup
2023-02-15,LID-90,5,90mm Dome Lid
2023-02-15,NAP-33,7,33cm Napkin
2023-02-16,CLAM-BURG,3,Burger Clamshell
2023-02-16,CUP-12OZ,4,12oz Paper Cup
2023-02-16,CUP-16OZ,4,16oz Paper Cup
2023-02-16,CUP-8OZ,4,8oz Paper Cup
2023-02-16,LID-90,6,90mm Dome Lid
2023-02-16,NAP-33,8,33cm Napkin
2023-02-17,BOWL-24,6,24oz Salad Bowl
2023-02-17,CLAM-BURG,1,Burger Clamshell
2023-02-17,CUP-12OZ,3,12oz Paper Cup
2023-02-17,CUP-16OZ,2,16oz Paper Cup
2023-02-17,CUP-8OZ,3,8oz Paper Cup
2023-02-17,LID-90,3,90mm Dome Lid
2023-02-17,NAP-33,4,33cm Napkin
2023-02-18,BOWL-24,1,24oz Salad Bowl
2023-02-18,CLAM-BURG,3,Burger Clamshell
2023-02-18,CUP-12OZ,5,12oz Paper Cup
2023-02-18,CUP-16OZ,6,16oz Paper Cup
2023-02-18,CUP-8OZ,6,8oz Paper Cup
2023-02-18,LID-90,7,90mm Dome Lid
2023-02-18,NAP-33,8,33cm Napkin
2023-02-19,BOWL-24,8,24oz Salad Bowl
2023-02-19,CLAM-BURG,3,Burger Clamshell
2023-02-19,CUP-12OZ,6,12oz Paper Cup
2023-02-19,CUP-16OZ,3,16oz Paper Cup
2023-02-19,CUP-8OZ,6,8oz Paper Cup
2023-02-19,LID-90,5,90mm Dome Lid
2023-02-19,NAP-33,8,33cm Napkin
2023-02-20,BOWL-24,9,24oz Salad Bowl
2023-02-20,CLAM-BURG,1,Burger Clamshell
2023-02-20,CUP-12OZ,5,12oz Paper Cup
2023-02-20,CUP-16OZ,3,16oz Paper Cup
2023-02-20,CUP-8OZ,5,8oz Paper Cup
2023-02-20,LID-90,5,90mm Dome Lid
2023-02-20,NAP-33,7,33cm Napkin
2023-02-21,BOWL-24,8,24oz Salad Bowl
2023-02-21,CLAM-BURG,1,Burger Clamshell
2023-02-21,CUP-12OZ,4,12oz Paper Cup
2023-02-21,CUP-16OZ,3,16oz Paper Cup
2023-02-21,CUP-8OZ,6,8oz Paper Cup
2023-02-21,LID-90,6,90mm Dome Lid
2023-02-21,NAP-33,8,33cm Napkin
2023-02-22,BOWL-24,8,24oz Salad Bowl
2023-02-22,CLAM-BURG,4,Burger Clamshell
2023-02-22,CUP-12OZ,4,12oz Paper Cup
2023-02-22,CUP-16OZ,3,16oz Paper Cup
2023-02-22,CUP-8OZ,4,8oz Paper Cup
2023-02-22,LID-90,5,90mm Dome Lid
2023-02-22,NAP-33,8,33cm Napkin
2023-02-23,BOWL-24,6,24oz Salad Bowl
2023-02-23,CLAM-BURG,3,Burger Clamshell
2023-02-23,CUP-12OZ,4,12oz Paper Cup
2023-02-23,CUP-16OZ,3,16oz Paper Cup
2023-02-23,CUP-8OZ,5,8oz Paper Cup
2023-02-23,LID-90,5,90mm Dome Lid
2023-02-23,NAP-33,8,33cm Napkin
2023-02-24,BOWL-24,2,24oz Salad Bowl
2023-02-24,CLAM-BURG,2,Burger Clamshell
2023-02-24,CUP-12OZ,3,12oz Paper Cup
2023-02-24,CUP-16OZ,2,16oz Paper Cup
2023-02-24,CUP-8OZ,3,8oz Paper Cup
2023-02-24,LID-90,3,90mm Dome Lid
2023-02-24,NAP-33,4,33cm Napkin
2023-02-25,BOWL-24,9,24oz Salad Bowl
2023-02-25,CLAM-BURG,5,Burger Clamshell
2023-02-25,CUP-12OZ,5,12oz Paper Cup
2023-02-25,CUP-16OZ,4,16oz Paper Cup
2023-02-25,CUP-8OZ,6,8oz Paper Cup
2023-02-25,LID-90,6,90mm Dome Lid
2023-02-25,NAP-33,8,33cm Napkin
2023-02-25,STIR-WD,2,Wooden Stirrer
2023-02-26,BOWL-24,13,24oz Salad Bowl
2023-02-26,CLAM-BURG,4,Burger Clamshell
2023-02-26,CUP-12OZ,6,12oz Paper Cup
2023-02-26,CUP-16OZ,5,16oz Paper Cup
2023-02-26,CUP-8OZ,5,8oz Paper Cup
2023-02-26,LID-90,6,90mm Dome Lid
2023-02-26,NAP-33,9,33cm Napkin
2023-02-27,BOWL-24,10,24oz Salad Bowl
2023-02-27,CLAM-BURG,1,Burger Clamshell
2023-02-27,CUP-12OZ,4,12oz Paper Cup
2023-02-27,CUP-16OZ,3,16oz Paper Cup
2023-02-27,CUP-8OZ,5,8oz Paper Cup
2023-02-27,LID-90,5,90mm Dome Lid
2023-02-27,NAP-33,7,33cm Napkin
2023-02-28,BOWL-24,7,24oz Salad Bowl
2023-02-28,CLAM-BURG,3,Burger Clamshell
2023-02-28,CUP-12OZ,4,12oz Paper Cup
2023-02-28,CUP-16OZ,1,16oz Paper Cup
2023-02-28,CUP-8OZ,5,8oz Paper Cup
2023-02-28,LID-90,5,90mm Dome Lid
2023-02-28,NAP-33,7,33cm Napkin
2023-03-01,BOWL-24,5,24oz Salad Bowl
2023-03-01,CLAM-BURG,3,Burger Clamshell
2023-03-01,CUP-12OZ,4,12oz Paper Cup
2023-03-01,CUP-16OZ,3,16oz Paper Cup
2023-03-01,CUP-8OZ,5,8oz Paper Cup
2023-03-01,LID-90,5,90mm Dome Lid
2023-03-01,NAP-33,7,33cm Napkin
2023-03-02,BOWL-24,5,24oz Salad Bowl
2023-03-02,CLAM-BURG,5,Burger Clamshell
2023-03-02,CUP-12OZ,4,12oz Paper Cup
2023-03-02,CUP-16OZ,5,16oz Paper Cup
2023-03-02,CUP-8OZ,5,8oz Paper Cup
2023-03-02,LID-90,6,90mm Dome Lid
2023-03-02,NAP-33,8,33cm Napkin
2023-03-03,BOWL-24,4,24oz Salad Bowl
2023-03-03,CLAM-BURG,1,Burger Clamshell
2023-03-03,CUP-12OZ,2,12oz Paper Cup
2023-03-03,CUP-16OZ,1,16oz Paper Cup
2023-03-03,CUP-8OZ,3,8oz Paper Cup
2023-03-03,LID-90,3,90mm Dome Lid
2023-03-03,NAP-33,4,33cm Napkin
2023-03-04,BOWL-24,11,24oz Salad Bowl
2023-03-04,CARR-4CUP,1,4-Cup Carrier
2023-03-04,CLAM-BURG,4,Burger Clamshell
2023-03-04,CUP-12OZ,5,12oz Paper Cup
2023-03-04,CUP-16OZ,2,16oz Paper Cup
2023-03-04,CUP-8OZ,6,8oz Paper Cup
2023-03-04,LID-90,5,90mm Dome Lid
2023-03-04,NAP-33,7,33cm Napkin
2023-03-05,BOWL-24,11,24oz Salad Bowl
2023-03-05,CLAM-BURG,2,Burger Clamshell
2023-03-05,CUP-12OZ,5,12oz Paper Cup
2023-03-05,CUP-16OZ,3,16oz Paper Cup
2023-03-05,CUP-8OZ,6,8oz Paper Cup
2023-03-05,LID-90,7,90mm Dome Lid
2023-03-05,NAP-33,8,33cm Napkin
2023-03-06,BOWL-24,12,24oz Salad Bowl
2023-03-06,CLAM-BURG,4,Burger Clamshell
2023-03-06,CUP-12OZ,4,12oz Paper Cup
2023-03-06,CUP-16OZ,4,16oz Paper Cup
2023-03-06,CUP-8OZ,5,8oz Paper Cup
2023-03-06,LID-90,5,90mm Dome Lid
2023-03-06,NAP-33,9,33cm Napkin
2023-03-07,BOWL-24,6,24oz Salad Bowl
2023-03-07,CLAM-BURG,3,Burger Clamshell
2023-03-07,CUP-12OZ,4,12oz Paper Cup
2023-03-07,CUP-16OZ,2,16oz Paper Cup
2023-03-07,CUP-8OZ,5,8oz Paper Cup
2023-03-07,LID-90,5,90mm Dome Lid
2023-03-07,NAP-33,8,33cm Napkin
2023-03-08,BOWL-24,2,24oz Salad Bowl
2023-03-08,CARR-4CUP,2,4-Cup Carrier
2023-03-08,CLAM-BURG,3,Burger Clamshell
2023-03-08,CUP-12OZ,5,12oz Paper Cup
2023-03-08,CUP-16OZ,2,16oz Paper Cup
2023-03-08,CUP-8OZ,6,8oz Paper Cup
2023-03-08,LID-90,5,90mm Dome Lid
2023-03-08,NAP-33,7,33cm Napkin
2023-03-09,BOWL-24,6,24oz Salad Bowl
2023-03-09,CLAM-BURG,3,Burger Clamshell
2023-03-09,CUP-12OZ,5,12oz Paper Cup
2023-03-09,CUP-16OZ,5,16oz Paper Cup
2023-03-09,CUP-8OZ,6,8oz Paper Cup
2023-03-09,LID-90,5,90mm Dome Lid
2023-03-09,NAP-33,8,33cm Napkin
2023-03-10,BOWL-24,6,24oz Salad Bowl
2023-03-10,CARR-4CUP,1,4-Cup Carrier
2023-03-10,CLAM-BURG,1,Burger Clamshell
2023-03-10,CUP-12OZ,3,12oz Paper Cup
2023-03-10,CUP-16OZ,2,16oz Paper Cup
2023-03-10,CUP-8OZ,3,8oz Paper Cup
2023-03-10,LID-90,3,90mm Dome Lid
2023-03-10,NAP-33,4,33cm Napkin
2023-03-11,BOWL-24,4,24oz Salad Bowl
2023-03-11,CLAM-BURG,3,Burger Clamshell
2023-03-11,CUP-12OZ,5,12oz Paper Cup
2023-03-11,CUP-16OZ,5,16oz Paper Cup
2023-03-11,CUP-8OZ,6,8oz Paper Cup
2023-03-11,LID-90,5,90mm Dome Lid
2023-03-11,NAP-33,8,33cm Napkin
2023-03-12,BOWL-24,5,24oz Salad Bowl
2023-03-12,CLAM-BURG,4,Burger Clamshell
2023-03-12,CUP-12OZ,5,12oz Paper Cup
2023-03-12,CUP-16OZ,2,16oz Paper Cup
2023-03-12,CUP-8OZ,6,8oz Paper Cup
2023-03-12,LID-90,6,90mm Dome Lid
2023-03-12,NAP-33,9,33cm Napkin
2023-03-13,BOWL-24,10,24oz Salad Bowl
2023-03-13,CLAM-BURG,2,Burger Clamshell
2023-03-13,CUP-12OZ,4,12oz Paper Cup
2023-03-13,CUP-16OZ,4,16oz Paper Cup
2023-03-13,CUP-8OZ,5,8oz Paper Cup
2023-03-13,LID-90,5,90mm Dome Lid
2023-03-13,NAP-33,8,33cm Napkin
2023-03-14,BOWL-24,7,24oz Salad Bowl
2023-03-14,CARR-4CUP,1,4-Cup Carrier
2023-03-14,CLAM-BURG,4,Burger Clamshell
2023-03-14,CUP-12OZ,4,12oz Paper Cup
2023-03-14,CUP-16OZ,2,16oz Paper Cup
2023-03-14,CUP-8OZ,5,8oz Paper Cup
2023-03-14,LID-90,6,90mm Dome Lid
2023-03-14,NAP-33,9,33cm Napkin
2023-03-15,BOWL-24,9,24oz Salad Bowl
2023-03-15,CLAM-BURG,3,Burger Clamshell
2023-03-15,CUP-12OZ,4,12oz Paper Cup
2023-03-15,CUP-16OZ,4,16oz Paper Cup
2023-03-15,CUP-8OZ,5,8oz Paper Cup
2023-03-15,LID-90,6,90mm Dome Lid
2023-03-15,NAP-33,7,33cm Napkin
2023-03-16,BOWL-24,9,24oz Salad Bowl
2023-03-16,CLAM-BURG,3,Burger Clamshell
2023-03-16,CUP-12OZ,4,12oz Paper Cup
2023-03-16,CUP-16OZ,3,16oz Paper Cup
2023-03-16,CUP-8OZ,5,8oz Paper Cup
2023-03-16,LID-90,6,90mm Dome Lid
2023-03-16,NAP-33,7,33cm Napkin
2023-03-17,BOWL-24,4,24oz Salad Bowl
2023-03-17,CLAM-BURG,2,Burger Clamshell
2023-03-17,CUP-12OZ,2,12oz Paper Cup
2023-03-17,CUP-16OZ,2,16oz Paper Cup
2023-03-17,CUP-8OZ,3,8oz Paper Cup
2023-03-17,LID-90,3,90mm Dome Lid
2023-03-17,NAP-33,4,33cm Napkin
2023-03-18,BOWL-24,4,24oz Salad Bowl
2023-03-18,CARR-4CUP,2,4-Cup Carrier
2023-03-18,CLAM-BURG,2,Burger Clamshell
2023-03-18,CUP-12OZ,5,12oz Paper Cup
2023-03-18,CUP-16OZ,4,16oz Paper Cup
2023-03-18,CUP-8OZ,6,8oz Paper Cup
2023-03-18,LID-90,6,90mm Dome Lid
2023-03-18,NAP-33,8,33cm Napkin
2023-03-19,BOWL-24,14,24oz Salad Bowl
2023-03-19,CLAM-BURG,2,Burger Clamshell
2023-03-19,CUP-12OZ,5,12oz Paper Cup
2023-03-19,CUP-16OZ,3,16oz Paper Cup
2023-03-19,CUP-8OZ,6,8oz Paper Cup
2023-03-19,LID-90,6,90mm Dome Lid
2023-03-19,NAP-33,7,33cm Napkin
2023-03-20,BOWL-24,5,24oz Salad Bowl
2023-03-20,CARR-4CUP,1,4-Cup Carrier
2023-03-20,CLAM-BURG,4,Burger Clamshell
2023-03-20,CUP-12OZ,4,12oz Paper Cup
2023-03-20,CUP-16OZ,1,16oz Paper Cup
2023-03-20,CUP-8OZ,5,8oz Paper Cup
2023-03-20,LID-90,4,90mm Dome Lid
2023-03-20,NAP-33,8,33cm Napkin
2023-03-21,BOWL-24,15,24oz Salad Bowl
2023-03-21,CLAM-BURG,4,Burger Clamshell
2023-03-21,CUP-12OZ,4,12oz Paper Cup
2023-03-21,CUP-16OZ,3,16oz Paper Cup
2023-03-21,CUP-8OZ,6,8oz Paper Cup
2023-03-21,LID-90,6,90mm Dome Lid
2023-03-21,NAP-33,6,33cm Napkin
2023-03-22,BOWL-24,10,24oz Salad Bowl
2023-03-22,CARR-4CUP,2,4-Cup Carrier
2023-03-22,CLAM-BURG,4,Burger Clamshell
2023-03-22,CUP-12OZ,5,12oz Paper Cup
2023-03-22,CUP-16OZ,2,16oz Paper Cup
2023-03-22,CUP-8OZ,5,8oz Paper Cup
2023-03-22,LID-90,5,90mm Dome Lid
2023-03-22,NAP-33,7,33cm Napkin
2023-03-23,BOWL-24,19,24oz Salad Bowl
2023-03-23,CLAM-BURG,7,Burger Clamshell
2023-03-23,CUP-12OZ,10,12oz Paper Cup
2023-03-23,CUP-16OZ,8,16oz Paper Cup
2023-03-23,CUP-8OZ,11,8oz Paper Cup
2023-03-23,LID-90,13,90mm Dome Lid
2023-03-23,NAP-33,17,33cm Napkin
2023-03-24,BOWL-24,4,24oz Salad Bowl
2023-03-24,CARR-4CUP,2,4-Cup Carrier
2023-03-24,CLAM-BURG,4,Burger Clamshell
2023-03-24,CUP-12OZ,5,12oz Paper Cup
2023-03-24,CUP-16OZ,5,16oz Paper Cup
2023-03-24,CUP-8OZ,7,8oz Paper Cup
2023-03-24,LID-90,7,90mm Dome Lid
2023-03-24,NAP-33,10,33cm Napkin
2023-03-25,BOWL-24,24,24oz Salad Bowl
2023-03-25,CARR-4CUP,6,4-Cup Carrier
2023-03-25,CLAM-BURG,5,Burger Clamshell
2023-03-25,CUP-12OZ,12,12oz Paper Cup
2023-03-25,CUP-16OZ,10,16oz Paper Cup
2023-03-25,CUP-8OZ,13,8oz Paper Cup
2023-03-25,LID-90,13,90mm Dome Lid
2023-03-25,NAP-33,20,33cm Napkin
2023-03-26,BOWL-24,25,24oz Salad Bowl
2023-03-26,CLAM-BURG,8,Burger Clamshell
2023-03-26,CUP-12OZ,10,12oz Paper Cup
2023-03-26,CUP-16OZ,6,16oz Paper Cup
2023-03-26,CUP-8OZ,12,8oz Paper Cup
2023-03-26,LID-90,13,90mm Dome Lid
2023-03-26,NAP-33,18,33cm Napkin
2023-03-27,BOWL-24,3,24oz Salad Bowl
2023-03-27,CLAM-BURG,5,Burger Clamshell
2023-03-27,CUP-12OZ,9,12oz Paper Cup
2023-03-27,CUP-16OZ,10,16oz Paper Cup
2023-03-27,CUP-8OZ,13,8oz Paper Cup
2023-03-27,LID-90,11,90mm Dome Lid
2023-03-27,NAP-33,17,33cm Napkin
2023-03-28,BOWL-24,20,24oz Salad Bowl
2023-03-28,CARR-4CUP,3,4-Cup Carrier
2023-03-28,CLAM-BURG,3,Burger Clamshell
2023-03-28,CUP-12OZ,10,12oz Paper Cup
2023-03-28,CUP-16OZ,8,16oz Paper Cup
2023-03-28,CUP-8OZ,12,8oz Paper Cup
2023-03-28,LID-90,13,90mm Dome Lid
2023-03-28,NAP-33,17,33cm Napkin
2023-03-29,BOWL-24,14,24oz Salad Bowl
2023-03-29,CLAM-BURG,9,Burger Clamshell
2023-03-29,CUP-12OZ,9,12oz Paper Cup
2023-03-29,CUP-16OZ,12,16oz Paper Cup
2023-03-29,CUP-8OZ,12,8oz Paper Cup
2023-03-29,LID-90,12,90mm Dome Lid
2023-03-29,NAP-33,17,33cm Napkin
2023-03-30,BOWL-24,21,24oz Salad Bowl
2023-03-30,CLAM-BURG,10,Burger Clamshell
2023-03-30,CUP-12OZ,7,12oz Paper Cup
2023-03-30,CUP-16OZ,7,16oz Paper Cup
2023-03-30,CUP-8OZ,13,8oz Paper Cup
2023-03-30,LID-90,11,90mm Dome Lid
2023-03-30,NAP-33,17,33cm Napkin
2023-03-31,BOWL-24,10,24oz Salad Bowl
2023-03-31,CLAM-BURG,4,Burger Clamshell
2023-03-31,CUP-12OZ,6,12oz Paper Cup
2023-03-31,CUP-16OZ,4,16oz Paper Cup
2023-03-31,CUP-8OZ,7,8oz Paper Cup
2023-03-31,LID-90,7,90mm Dome Lid
2023-03-31,NAP-33,9,33cm Napkin
2023-04-01,BOWL-24,13,24oz Salad Bowl
2023-04-01,CLAM-BURG,2,Burger Clamshell
2023-04-01,CUP-12OZ,13,12oz Paper Cup
2023-04-01,CUP-16OZ,1,16oz Paper Cup
2023-04-01,CUP-8OZ,13,8oz Paper Cup
2023-04-01,LID-90,14,90mm Dome Lid
2023-04-01,NAP-33,22,33cm Napkin
2023-04-01,STIR-WD,3,Wooden Stirrer
2023-04-02,BOWL-24,22,24oz Salad Bowl
2023-04-02,CARR-4CUP,1,4-Cup Carrier
2023-04-02,CLAM-BURG,6,Burger Clamshell
2023-04-02,CUP-12OZ,10,12oz Paper Cup
2023-04-02,CUP-16OZ,13,16oz Paper Cup
2023-04-02,CUP-8OZ,16,8oz Paper Cup
2023-04-02,LID-90,13,90mm Dome Lid
2023-04-02,NAP-33,21,33cm Napkin
2023-04-03,BOWL-24,23,24oz Salad Bowl
2023-04-03,CLAM-BURG,10,Burger Clamshell
2023-04-03,CUP-12OZ,9,12oz Paper Cup
2023-04-03,CUP-16OZ,11,16oz Paper Cup
2023-04-03,CUP-8OZ,12,8oz Paper Cup
2023-04-03,LID-90,12,90mm Dome Lid
2023-04-03,NAP-33,17,33cm Napkin
2023-04-04,BOWL-24,19,24oz Salad Bowl
2023-04-04,CLAM-BURG,5,Burger Clamshell
2023-04-04,CUP-12OZ,11,12oz Paper Cup
2023-04-04,CUP-16OZ,7,16oz Paper Cup
2023-04-04,CUP-8OZ,13,8oz Paper Cup
2023-04-04,LID-90,12,90mm Dome Lid
2023-04-04,NAP-33,19,33cm Napkin
2023-04-05,BOWL-24,39,24oz Salad Bowl
2023-04-05,CLAM-BURG,7,Burger Clamshell
2023-04-05,CUP-12OZ,8,12oz Paper Cup
2023-04-05,CUP-16OZ,10,16oz Paper Cup
2023-04-05,CUP-8OZ,12,8oz Paper Cup
2023-04-05,LID-90,9,90mm Dome Lid
2023-04-05,NAP-33,16,33cm Napkin
2023-04-06,BOWL-24,18,24oz Salad Bowl
2023-04-06,CLAM-BURG,8,Burger Clamshell
2023-04-06,CUP-12OZ,9,12oz Paper Cup
2023-04-06,CUP-16OZ,6,16oz Paper Cup
2023-04-06,CUP-8OZ,12,8oz Paper Cup
2023-04-06,LID-90,12,90mm Dome Lid
2023-04-06,NAP-33,16,33cm Napkin
2023-04-07,CLAM-BURG,2,Burger Clamshell
2023-04-07,CUP-12OZ,5,12oz Paper Cup
2023-04-07,CUP-16OZ,3,16oz Paper Cup
2023-04-07,CUP-8OZ,6,8oz Paper Cup
2023-04-07,LID-90,7,90mm Dome Lid
2023-04-07,NAP-33,9,33cm Napkin
2023-04-08,BOWL-24,51,24oz Salad Bowl
2023-04-08,CARR-4CUP,1,4-Cup Carrier
2023-04-08,CLAM-BURG,7,Burger Clamshell
2023-04-08,CUP-12OZ,11,12oz Paper Cup
2023-04-08,CUP-16OZ,6,16oz Paper Cup
2023-04-08,CUP-8OZ,13,8oz Paper Cup
2023-04-08,LID-90,15,90mm Dome Lid
2023-04-08,NAP-33,20,33cm Napkin
2023-04-09,BOWL-24,20,24oz Salad Bowl
2023-04-09,CLAM-BURG,6,Burger Clamshell
2023-04-09,CUP-12OZ,9,12oz Paper Cup
2023-04-09,CUP-16OZ,7,16oz Paper Cup
2023-04-09,CUP-8OZ,13,8oz Paper Cup
2023-04-09,LID-90,15,90mm Dome Lid
2023-04-09,NAP-33,18,33cm Napkin
2023-04-10,BOWL-24,16,24oz Salad Bowl
2023-04-10,CLAM-BURG,6,Burger Clamshell
2023-04-10,CUP-12OZ,11,12oz Paper Cup
2023-04-10,CUP-16OZ,11,16oz Paper Cup
2023-04-10,CUP-8OZ,11,8oz Paper Cup
2023-04-10,LID-90,11,90mm Dome Lid
2023-04-10,NAP-33,16,33cm Napkin
2023-04-10,STIR-WD,2,Wooden Stirrer
2023-04-11,BOWL-24,14,24oz Salad Bowl
2023-04-11,CLAM-BURG,5,Burger Clamshell
2023-04-11,CUP-12OZ,10,12oz Paper Cup
2023-04-11,CUP-16OZ,5,16oz Paper Cup
2023-04-11,CUP-8OZ,9,8oz Paper Cup
2023-04-11,LID-90,13,90mm Dome Lid
2023-04-11,NAP-33,15,33cm Napkin
2023-04-11,STIR-WD,3,Wooden Stirrer
2023-04-12,BOWL-24,15,24oz Salad Bowl
2023-04-12,CLAM-BURG,4,Burger Clamshell
2023-04-12,CUP-12OZ,11,12oz Paper Cup
2023-04-12,CUP-16OZ,6,16oz Paper Cup
2023-04-12,CUP-8OZ,13,8oz Paper Cup
2023-04-12,LID-90,13,90mm Dome Lid
2023-04-12,NAP-33,15,33cm Napkin
2023-04-13,BOWL-24,16,24oz Salad Bowl
2023-04-13,CLAM-BURG,8,Burger Clamshell
2023-04-13,CUP-12OZ,10,12oz Paper Cup
2023-04-13,CUP-16OZ,4,16oz Paper Cup
2023-04-13,CUP-8OZ,11,8oz Paper Cup
2023-04-13,LID-90,12,90mm Dome Lid
2023-04-13,NAP-33,18,33cm Napkin
2023-04-14,BOWL-24,17,24oz Salad Bowl
2023-04-14,CLAM-BURG,4,Burger Clamshell
2023-04-14,CUP-12OZ,5,12oz Paper Cup
2023-04-14,CUP-16OZ,4,16oz Paper Cup
2023-04-14,CUP-8OZ,7,8oz Paper Cup
2023-04-14,LID-90,7,90mm Dome Lid
2023-04-14,NAP-33,10,33cm Napkin
2023-04-15,BOWL-24,23,24oz Salad Bowl
2023-04-15,CLAM-BURG,12,Burger Clamshell
2023-04-15,CUP-12OZ,11,12oz Paper Cup
2023-04-15,CUP-16OZ,8,16oz Paper Cup
2023-04-15,CUP-8OZ,14,8oz Paper Cup
2023-04-15,LID-90,15,90mm Dome Lid
2023-04-15,NAP-33,17,33cm Napkin
2023-04-16,BOWL-24,28,24oz Salad Bowl
2023-04-16,CLAM-BURG,5,Burger Clamshell
2023-04-16,CUP-12OZ,10,12oz Paper Cup
2023-04-16,CUP-16OZ,7,16oz Paper Cup
2023-04-16,CUP-8OZ,13,8oz Paper Cup
2023-04-16,LID-90,12,90mm Dome Lid
2023-04-16,NAP-33,22,33cm Napkin
2023-04-16,STIR-WD,4,Wooden Stirrer
2023-04-17,BOWL-24,25,24oz Salad Bowl
2023-04-17,CLAM-BURG,8,Burger Clamshell
2023-04-17,CUP-12OZ,10,12oz Paper Cup
2023-04-17,CUP-16OZ,9,16oz Paper Cup
2023-04-17,CUP-8OZ,13,8oz Paper Cup
2023-04-17,LID-90,14,90mm Dome Lid
2023-04-17,NAP-33,16,33cm Napkin
2023-04-17,STIR-WD,2,Wooden Stirrer
2023-04-18,BOWL-24,19,24oz Salad Bowl
2023-04-18,CLAM-BURG,5,Burger Clamshell
2023-04-18,CUP-12OZ,9,12oz Paper Cup
2023-04-18,CUP-16OZ,8,16oz Paper Cup
2023-04-18,CUP-8OZ,14,8oz Paper Cup
2023-04-18,LID-90,12,90mm Dome Lid
2023-04-18,NAP-33,16,33cm Napkin
2023-04-19,BOWL-24,17,24oz Salad Bowl
2023-04-19,CARR-4CUP,3,4-Cup Carrier
2023-04-19,CLAM-BURG,8,Burger Clamshell
2023-04-19,CUP-12OZ,10,12oz Paper Cup
2023-04-19,CUP-16OZ,6,16oz Paper Cup
2023-04-19,CUP-8OZ,12,8oz Paper Cup
2023-04-19,LID-90,12,90mm Dome Lid
2023-04-19,NAP-33,17,33cm Napkin
2023-04-19,STIR-WD,3,Wooden Stirrer
2023-04-20,BOWL-24,22,24oz Salad Bowl
2023-04-20,CLAM-BURG,6,Burger Clamshell
2023-04-20,CUP-12OZ,10,12oz Paper Cup
2023-04-20,CUP-16OZ,12,16oz Paper Cup
2023-04-20,CUP-8OZ,11,8oz Paper Cup
2023-04-20,LID-90,11,90mm Dome Lid
2023-04-20,NAP-33,17,33cm Napkin
2023-04-21,BOWL-24,6,24oz Salad Bowl
2023-04-21,CLAM-BURG,1,Burger Clamshell
2023-04-21,CUP-12OZ,3,12oz Paper Cup
2023-04-21,CUP-8OZ,3,8oz Paper Cup
2023-04-21,LID-90,3,90mm Dome Lid
2023-04-21,NAP-33,4,33cm Napkin
2023-04-22,BOWL-24,11,24oz Salad Bowl
2023-04-22,CUP-12OZ,5,12oz Paper Cup
2023-04-22,CUP-16OZ,5,16oz Paper Cup
2023-04-22,CUP-8OZ,7,8oz Paper Cup
2023-04-22,LID-90,5,90mm Dome Lid
2023-04-22,NAP-33,8,33cm Napkin
2023-04-23,BOWL-24,17,24oz Salad Bowl
2023-04-23,CARR-4CUP,1,4-Cup Carrier
2023-04-23,CLAM-BURG,3,Burger Clamshell
2023-04-23,CUP-12OZ,5,12oz Paper Cup
2023-04-23,CUP-16OZ,3,16oz Paper Cup
2023-04-23,CUP-8OZ,6,8oz Paper Cup
2023-04-23,LID-90,7,90mm Dome Lid
2023-04-23,NAP-33,9,33cm Napkin
2023-04-24,BOWL-24,12,24oz Salad Bowl
2023-04-24,CARR-4CUP,2,4-Cup Carrier
2023-04-24,CLAM-BURG,3,Burger Clamshell
2023-04-24,CUP-12OZ,4,12oz Paper Cup
2023-04-24,CUP-16OZ,4,16oz Paper Cup
2023-04-24,CUP-8OZ,5,8oz Paper Cup
2023-04-24,LID-90,6,90mm Dome Lid
2023-04-24,NAP-33,8,33cm Napkin
2023-04-25,BOWL-24,8,24oz Salad Bowl
2023-04-25,CLAM-BURG,3,Burger Clamshell
2023-04-25,CUP-12OZ,5,12oz Paper Cup
2023-04-25,CUP-16OZ,3,16oz Paper Cup
2023-04-25,CUP-8OZ,6,8oz Paper Cup
2023-04-25,LID-90,5,90mm Dome Lid
2023-04-25,NAP-33,7,33cm Napkin
2023-04-25,STIR-WD,1,Wooden Stirrer
2023-04-26,BOWL-24,11,24oz Salad Bowl
2023-04-26,CARR-4CUP,3,4-Cup Carrier
2023-04-26,CLAM-BURG,3,Burger Clamshell
2023-04-26,CUP-12OZ,5,12oz Paper Cup
2023-04-26,CUP-16OZ,3,16oz Paper Cup
2023-04-26,CUP-8OZ,5,8oz Paper Cup
2023-04-26,LID-90,6,90mm Dome Lid
2023-04-26,NAP-33,7,33cm Napkin
2023-04-27,BOWL-24,14,24oz Salad Bowl
2023-04-27,CARR-4CUP,1,4-Cup Carrier
2023-04-27,CLAM-BURG,3,Burger Clamshell
2023-04-27,CUP-12OZ,4,12oz Paper Cup
2023-04-27,CUP-16OZ,6,16oz Paper Cup
2023-04-27,CUP-8OZ,5,8oz Paper Cup
2023-04-27,LID-90,5,90mm Dome Lid
2023-04-27,NAP-33,7,33cm Napkin
2023-04-28,BOWL-24,6,24oz Salad Bowl
2023-04-28,CLAM-BURG,1,Burger Clamshell
2023-04-28,CUP-12OZ,2,12oz Paper Cup
2023-04-28,CUP-16OZ,2,16oz Paper Cup
2023-04-28,CUP-8OZ,3,8oz Paper Cup
2023-04-28,LID-90,3,90mm Dome Lid
2023-04-28,NAP-33,4,33cm Napkin
2023-04-29,BOWL-24,9,24oz Salad Bowl
2023-04-29,CLAM-BURG,2,Burger Clamshell
2023-04-29,CUP-12OZ,5,12oz Paper Cup
2023-04-29,CUP-16OZ,3,16oz Paper Cup
2023-04-29,CUP-8OZ,6,8oz Paper Cup
2023-04-29,LID-90,6,90mm Dome Lid
2023-04-29,NAP-33,8,33cm Napkin
2023-04-30,BOWL-24,10,24oz Salad Bowl
2023-04-30,CLAM-BURG,3,Burger Clamshell
2023-04-30,CUP-12OZ,5,12oz Paper Cup
2023-04-30,CUP-16OZ,5,16oz Paper Cup
2023-04-30,CUP-8OZ,6,8oz Paper Cup
2023-04-30,LID-90,6,90mm Dome Lid
2023-04-30,NAP-33,8,33cm Napkin
2023-04-30,STIR-WD,2,Wooden Stirrer
2023-05-01,BOWL-24,3,24oz Salad Bowl
2023-05-01,CARR-4CUP,1,4-Cup Carrier
2023-05-01,CLAM-BURG,2,Burger Clamshell
2023-05-01,CUP-12OZ,4,12oz Paper Cup
2023-05-01,CUP-16OZ,4,16oz Paper Cup
2023-05-01,CUP-8OZ,6,8oz Paper Cup
2023-05-01,LID-90,5,90mm Dome Lid
2023-05-01,NAP-33,8,33cm Napkin
2023-05-02,BOWL-24,13,24oz Salad Bowl
2023-05-02,CLAM-BURG,2,Burger Clamshell
2023-05-02,CUP-12OZ,5,12oz Paper Cup
2023-05-02,CUP-16OZ,1,16oz Paper Cup
2023-05-02,CUP-8OZ,5,8oz Paper Cup
2023-05-02,LID-90,6,90mm Dome Lid
2023-05-02,NAP-33,7,33cm Napkin
2023-05-03,BOWL-24,11,24oz Salad Bowl
2023-05-03,CLAM-BURG,4,Burger Clamshell
2023-05-03,CUP-12OZ,5,12oz Paper Cup
2023-05-03,CUP-16OZ,3,16oz Paper Cup
2023-05-03,CUP-8OZ,5,8oz Paper Cup
2023-05-03,LID-90,4,90mm Dome Lid
2023-05-03,NAP-33,8,33cm Napkin
2023-05-03,SLEEVE-12,20,12oz Cup Sleeve
2023-05-04,BOWL-24,6,24oz Salad Bowl
2023-05-04,CLAM-BURG,4,Burger Clamshell
2023-05-04,CUP-12OZ,4,12oz Paper Cup
2023-05-04,CUP-16OZ,3,16oz Paper Cup
2023-05-04,CUP-8OZ,5,8oz Paper Cup
2023-05-04,LID-90,5,90mm Dome Lid
2023-05-04,NAP-33,8,33cm Napkin
2023-05-05,BOWL-24,4,24oz Salad Bowl
2023-05-05,CARR-4CUP,1,4-Cup Carrier
2023-05-05,CLAM-BURG,1,Burger Clamshell
2023-05-05,CUP-12OZ,2,12oz Paper Cup
2023-05-05,CUP-16OZ,2,16oz Paper Cup
2023-05-05,CUP-8OZ,3,8oz Paper Cup
2023-05-05,LID-90,3,90mm Dome Lid
2023-05-05,NAP-33,4,33cm Napkin
2023-05-06,BOWL-24,8,24oz Salad Bowl
2023-05-06,CARR-4CUP,2,4-Cup Carrier
2023-05-06,CLAM-BURG,1,Burger Clamshell
2023-05-06,CUP-12OZ,4,12oz Paper Cup
2023-05-06,CUP-16OZ,3,16oz Paper Cup
2023-05-06,CUP-8OZ,5,8oz Paper Cup
2023-05-06,LID-90,7,90mm Dome Lid
2023-05-06,NAP-33,8,33cm Napkin
2023-05-07,BOWL-24,14,24oz Salad Bowl
2023-05-07,CLAM-BURG,3,Burger Clamshell
2023-05-07,CUP-12OZ,4,12oz Paper Cup
2023-05-07,CUP-16OZ,2,16oz Paper Cup
2023-05-07,CUP-8OZ,6,8oz Paper Cup
2023-05-07,LID-90,5,90mm Dome Lid
2023-05-07,NAP-33,9,33cm Napkin
2023-05-08,BOWL-24,5,24oz Salad Bowl
2023-05-08,CARR-4CUP,1,4-Cup Carrier
2023-05-08,CLAM-BURG,2,Burger Clamshell
2023-05-08,CUP-12OZ,5,12oz Paper Cup
2023-05-08,CUP-16OZ,2,16oz Paper Cup
2023-05-08,CUP-8OZ,6,8oz Paper Cup
2023-05-08,LID-90,5,90mm Dome Lid
2023-05-08,NAP-33,7,33cm Napkin
2023-05-08,SLEEVE-12,16,12oz Cup Sleeve
2023-05-09,BOWL-24,8,24oz Salad Bowl
2023-05-09,CARR-4CUP,2,4-Cup Carrier
2023-05-09,CLAM-BURG,3,Burger Clamshell
2023-05-09,CUP-12OZ,5,12oz Paper Cup
2023-05-09,CUP-16OZ,5,16oz Paper Cup
2023-05-09,CUP-8OZ,5,8oz Paper Cup
2023-05-09,LID-90,5,90mm Dome Lid
2023-05-09,NAP-33,7,33cm Napkin
2023-05-10,BOWL-24,14,24oz Salad Bowl
2023-05-10,CLAM-BURG,3,Burger Clamshell
2023-05-10,CUP-12OZ,5,12oz Paper Cup
2023-05-10,CUP-16OZ,2,16oz Paper Cup
2023-05-10,CUP-8OZ,5,8oz Paper Cup
2023-05-10,LID-90,5,90mm Dome Lid
2023-05-10,NAP-33,8,33cm Napkin
2023-05-10,SLEEVE-12,19,12oz Cup Sleeve
2023-05-11,BOWL-24,10,24oz Salad Bowl
2023-05-11,CLAM-BURG,2,Burger Clamshell
2023-05-11,CUP-12OZ,4,12oz Paper Cup
2023-05-11,CUP-16OZ,6,16oz Paper Cup
2023-05-11,CUP-8OZ,5,8oz Paper Cup
2023-05-11,LID-90,6,90mm Dome Lid
2023-05-11,NAP-33,6,33cm Napkin
2023-05-12,BOWL-24,6,24oz Salad Bowl
2023-05-12,CLAM-BURG,2,Burger Clamshell
2023-05-12,CUP-12OZ,2,12oz Paper Cup
2023-05-12,CUP-16OZ,2,16oz Paper Cup
2023-05-12,CUP-8OZ,3,8oz Paper Cup
2023-05-12,LID-90,3,90mm Dome Lid
2023-05-12,NAP-33,4,33cm Napkin
2023-05-13,BOWL-24,8,24oz Salad Bowl
2023-05-13,CARR-4CUP,2,4-Cup Carrier
2023-05-13,CLAM-BURG,4,Burger Clamshell
2023-05-13,CUP-12OZ,6,12oz Paper Cup
2023-05-13,CUP-16OZ,4,16oz Paper Cup
2023-05-13,CUP-8OZ,6,8oz Paper Cup
2023-05-13,LID-90,7,90mm Dome Lid
2023-05-13,NAP-33,8,33cm Napkin
2023-05-14,BOWL-24,14,24oz Salad Bowl
2023-05-14,CLAM-BURG,2,Burger Clamshell
2023-05-14,CUP-12OZ,5,12oz Paper Cup
2023-05-14,CUP-16OZ,2,16oz Paper Cup
2023-05-14,CUP-8OZ,5,8oz Paper Cup
2023-05-14,LID-90,6,90mm Dome Lid
2023-05-14,NAP-33,9,33cm Napkin
2023-05-14,SLEEVE-12,20,12oz Cup Sleeve
2023-05-15,BOWL-24,8,24oz Salad Bowl
2023-05-15,CARR-4CUP,1,4-Cup Carrier
2023-05-15,CLAM-BURG,3,Burger Clamshell
2023-05-15,CUP-12OZ,5,12oz Paper Cup
2023-05-15,CUP-16OZ,5,16oz Paper Cup
2023-05-15,CUP-8OZ,5,8oz Paper Cup
2023-05-15,LID-90,6,90mm Dome Lid
2023-05-15,NAP-33,6,33cm Napkin
2023-05-16,BOWL-24,12,24oz Salad Bowl
2023-05-16,CARR-4CUP,1,4-Cup Carrier
2023-05-16,CLAM-BURG,1,Burger Clamshell
2023-05-16,CUP-12OZ,5,12oz Paper Cup
2023-05-16,CUP-16OZ,3,16oz Paper Cup
2023-05-16,CUP-8OZ,6,8oz Paper Cup
2023-05-16,LID-90,5,90mm Dome Lid
2023-05-16,NAP-33,7,33cm Napkin
2023-05-17,BOWL-24,8,24oz Salad Bowl
2023-05-17,CLAM-BURG,5,Burger Clamshell
2023-05-17,CUP-12OZ,4,12oz Paper Cup
2023-05-17,CUP-16OZ,1,16oz Paper Cup
2023-05-17,CUP-8OZ,5,8oz Paper Cup
2023-05-17,LID-90,4,90mm Dome Lid
2023-05-17,NAP-33,8,33cm Napkin
2023-05-18,BOWL-24,9,24oz Salad Bowl
2023-05-18,CLAM-BURG,2,Burger Clamshell
2023-05-18,CUP-12OZ,4,12oz Paper Cup
2023-05-18,CUP-16OZ,4,16oz Paper Cup
2023-05-18,CUP-8OZ,5,8oz Paper Cup
2023-05-18,LID-90,6,90mm Dome Lid
2023-05-18,NAP-33,8,33cm Napkin
2023-05-19,BOWL-24,7,24oz Salad Bowl
2023-05-19,CLAM-BURG,2,Burger Clamshell
2023-05-19,CUP-12OZ,2,12oz Paper Cup
2023-05-19,CUP-16OZ,3,16oz Paper Cup
2023-05-19,CUP-8OZ,3,8oz Paper Cup
2023-05-19,LID-90,3,90mm Dome Lid
2023-05-19,NAP-33,4,33cm Napkin
2023-05-20,BOWL-24,13,24oz Salad Bowl
2023-05-20,CARR-4CUP,2,4-Cup Carrier
2023-05-20,CLAM-BURG,1,Burger Clamshell
2023-05-20,CUP-12OZ,5,12oz Paper Cup
2023-05-20,CUP-16OZ,3,16oz Paper Cup
2023-05-20,CUP-8OZ,6,8oz Paper Cup
2023-05-20,LID-90,5,90mm Dome Lid
2023-05-20,NAP-33,8,33cm Napkin
2023-05-20,SLEEVE-12,20,12oz Cup Sleeve
2023-05-21,BOWL-24,5,24oz Salad Bowl
2023-05-21,CARR-4CUP,1,4-Cup Carrier
2023-05-21,CLAM-BURG,3,Burger Clamshell
2023-05-21,CUP-12OZ,5,12oz Paper Cup
2023-05-21,CUP-16OZ,6,16oz Paper Cup
2023-05-21,CUP-8OZ,6,8oz Paper Cup
2023-05-21,LID-90,6,90mm Dome Lid
2023-05-21,NAP-33,9,33cm Napkin
2023-05-22,BOWL-24,9,24oz Salad Bowl
2023-05-22,CLAM-BURG,4,Burger Clamshell
2023-05-22,CUP-12OZ,5,12oz Paper Cup
2023-05-22,CUP-16OZ,4,16oz Paper Cup
2023-05-22,CUP-8OZ,5,8oz Paper Cup
2023-05-22,LID-90,5,90mm Dome Lid
2023-05-22,NAP-33,8,33cm Napkin
2023-05-23,BOWL-24,7,24oz Salad Bowl
2023-05-23,CARR-4CUP,2,4-Cup Carrier
2023-05-23,CLAM-BURG,5,Burger Clamshell
2023-05-23,CUP-12OZ,5,12oz Paper Cup
2023-05-23,CUP-16OZ,1,16oz Paper Cup
2023-05-23,CUP-8OZ,5,8oz Paper Cup
2023-05-23,LID-90,6,90mm Dome Lid
2023-05-23,NAP-33,8,33cm Napkin
2023-05-24,BOWL-24,6,24oz Salad Bowl
2023-05-24,CARR-4CUP,2,4-Cup Carrier
2023-05-24,CLAM-BURG,3,Burger Clamshell
2023-05-24,CUP-12OZ,4,12oz Paper Cup
2023-05-24,CUP-16OZ,4,16oz Paper Cup
2023-05-24,CUP-8OZ,6,8oz Paper Cup
2023-05-24,LID-90,6,90mm Dome Lid
2023-05-24,NAP-33,7,33cm Napkin
2023-05-25,BOWL-24,9,24oz Salad Bowl
2023-05-25,CUP-12OZ,4,12oz Paper Cup
2023-05-25,CUP-16OZ,2,16oz Paper Cup
2023-05-25,CUP-8OZ,6,8oz Paper Cup
2023-05-25,LID-90,6,90mm Dome Lid
2023-05-25,NAP-33,8,33cm Napkin
2023-05-26,BOWL-24,6,24oz Salad Bowl
2023-05-26,CLAM-BURG,2,Burger Clamshell
2023-05-26,CUP-12OZ,3,12oz Paper Cup
2023-05-26,CUP-16OZ,2,16oz Paper Cup
2023-05-26,CUP-8OZ,3,8oz Paper Cup
2023-05-26,LID-90,3,90mm Dome Lid
2023-05-26,NAP-33,4,33cm Napkin
2023-05-26,SLEEVE-12,3,12oz Cup Sleeve
2023-05-27,BOWL-24,9,24oz Salad Bowl
2023-05-27,CLAM-BURG,3,Burger Clamshell
2023-05-27,CUP-12OZ,5,12oz Paper Cup
2023-05-27,CUP-16OZ,3,16oz Paper Cup
2023-05-27,CUP-8OZ,7,8oz Paper Cup
2023-05-27,LID-90,6,90mm Dome Lid
2023-05-27,NAP-33,8,33cm Napkin
2023-05-28,BOWL-24,3,24oz Salad Bowl
2023-05-28,CARR-4CUP,2,4-Cup Carrier
2023-05-28,CLAM-BURG,4,Burger Clamshell
2023-05-28,CUP-12OZ,5,12oz Paper Cup
2023-05-28,CUP-16OZ,4,16oz Paper Cup
2023-05-28,CUP-8OZ,5,8oz Paper Cup
2023-05-28,LID-90,6,90mm Dome Lid
2023-05-28,NAP-33,9,33cm Napkin
2023-05-28,SLEEVE-12,28,12oz Cup Sleeve
2023-05-29,BOWL-24,4,24oz Salad Bowl
2023-05-29,CLAM-BURG,5,Burger Clamshell
2023-05-29,CUP-12OZ,5,12oz Paper Cup
2023-05-29,CUP-16OZ,2,16oz Paper Cup
2023-05-29,CUP-8OZ,5,8oz Paper Cup
2023-05-29,LID-90,6,90mm Dome Lid
2023-05-29,NAP-33,7,33cm Napkin
2023-05-30,BOWL-24,9,24oz Salad Bowl
2023-05-30,CUP-12OZ,5,12oz Paper Cup
2023-05-30,CUP-16OZ,5,16oz Paper Cup
2023-05-30,CUP-8OZ,5,8oz Paper Cup
2023-05-30,LID-90,5,90mm Dome Lid
2023-05-30,NAP-33,7,33cm Napkin
2023-05-31,BOWL-24,8,24oz Salad Bowl
2023-05-31,CARR-4CUP,2,4-Cup Carrier
2023-05-31,CLAM-BURG,3,Burger Clamshell
2023-05-31,CUP-12OZ,4,12oz Paper Cup
2023-05-31,CUP-16OZ,4,16oz Paper Cup
2023-05-31,CUP-8OZ,5,8oz Paper Cup
2023-05-31,LID-90,5,90mm Dome Lid
2023-05-31,NAP-33,7,33cm Napkin
2023-06-01,BOWL-24,19,24oz Salad Bowl
2023-06-01,CUP-12OZ,6,12oz Paper Cup
2023-06-01,CUP-16OZ,4,16oz Paper Cup
2023-06-01,CUP-8OZ,6,8oz Paper Cup
2023-06-01,LID-90,7,90mm Dome Lid
2023-06-01,NAP-33,9,33cm Napkin
2023-06-01,STIR-WD,1,Wooden Stirrer
2023-06-02,BOWL-24,3,24oz Salad Bowl
2023-06-02,CLAM-BURG,2,Burger Clamshell
2023-06-02,CUP-12OZ,4,12oz Paper Cup
2023-06-02,CUP-16OZ,3,16oz Paper Cup
2023-06-02,CUP-8OZ,4,8oz Paper Cup
2023-06-02,LID-90,4,90mm Dome Lid
2023-06-02,NAP-33,5,33cm Napkin
2023-06-03,BOWL-24,4,24oz Salad Bowl
2023-06-03,CLAM-BURG,3,Burger Clamshell
2023-06-03,CUP-12OZ,5,12oz Paper Cup
2023-06-03,CUP-16OZ,2,16oz Paper Cup
2023-06-03,CUP-8OZ,7,8oz Paper Cup
2023-06-03,LID-90,6,90mm Dome Lid
2023-06-03,NAP-33,10,33cm Napkin
2023-06-04,BOWL-24,7,24oz Salad Bowl
2023-06-04,CLAM-BURG,3,Burger Clamshell
2023-06-04,CUP-12OZ,6,12oz Paper Cup
2023-06-04,CUP-16OZ,3,16oz Paper Cup
2023-06-04,CUP-8OZ,8,8oz Paper Cup
2023-06-04,LID-90,7,90mm Dome Lid
2023-06-04,NAP-33,11,33cm Napkin
2023-06-05,BOWL-24,13,24oz Salad Bowl
2023-06-05,CLAM-BURG,3,Burger Clamshell
2023-06-05,CUP-12OZ,5,12oz Paper Cup
2023-06-05,CUP-16OZ,4,16oz Paper Cup
2023-06-05,CUP-8OZ,6,8oz Paper Cup
2023-06-05,LID-90,6,90mm Dome Lid
2023-06-05,NAP-33,9,33cm Napkin
2023-06-06,BOWL-24,8,24oz Salad Bowl
2023-06-06,CLAM-BURG,2,Burger Clamshell
2023-06-06,CUP-12OZ,5,12oz Paper Cup
2023-06-06,CUP-16OZ,5,16oz Paper Cup
2023-06-06,CUP-8OZ,6,8oz Paper Cup
2023-06-06,LID-90,7,90mm Dome Lid
2023-06-06,NAP-33,10,33cm Napkin
2023-06-07,BOWL-24,5,24oz Salad Bowl
2023-06-07,CUP-12OZ,6,12oz Paper Cup
2023-06-07,CUP-16OZ,5,16oz Paper Cup
2023-06-07,CUP-8OZ,6,8oz Paper Cup
2023-06-07,LID-90,7,90mm Dome Lid
2023-06-07,NAP-33,10,33cm Napkin
2023-06-08,BOWL-24,10,24oz Salad Bowl
2023-06-08,CLAM-BURG,3,Burger Clamshell
2023-06-08,CUP-12OZ,6,12oz Paper Cup
2023-06-08,CUP-16OZ,6,16oz Paper Cup
2023-06-08,CUP-8OZ,6,8oz Paper Cup
2023-06-08,LID-90,7,90mm Dome Lid
2023-06-08,NAP-33,9,33cm Napkin
2023-06-08,STIR-WD,1,Wooden Stirrer
2023-06-09,BOWL-24,4,24oz Salad Bowl
2023-06-09,CLAM-BURG,2,Burger Clamshell
2023-06-09,CUP-12OZ,3,12oz Paper Cup
2023-06-09,CUP-16OZ,2,16oz Paper Cup
2023-06-09,CUP-8OZ,3,8oz Paper Cup
2023-06-09,LID-90,4,90mm Dome Lid
2023-06-09,NAP-33,5,33cm Napkin
2023-06-10,BOWL-24,12,24oz Salad Bowl
2023-06-10,CLAM-BURG,3,Burger Clamshell
2023-06-10,CUP-12OZ,6,12oz Paper Cup
2023-06-10,CUP-16OZ,5,16oz Paper Cup
2023-06-10,CUP-8OZ,7,8oz Paper Cup
2023-06-10,LID-90,7,90mm Dome Lid
2023-06-10,NAP-33,11,33cm Napkin
2023-06-11,BOWL-24,7,24oz Salad Bowl
2023-06-11,CLAM-BURG,3,Burger Clamshell
2023-06-11,CUP-12OZ,6,12oz Paper Cup
2023-06-11,CUP-16OZ,4,16oz Paper Cup
2023-06-11,CUP-8OZ,7,8oz Paper Cup
2023-06-11,LID-90,8,90mm Dome Lid
2023-06-11,NAP-33,10,33cm Napkin
2023-06-11,STIR-WD,1,Wooden Stirrer
2023-06-12,BOWL-24,7,24oz Salad Bowl
2023-06-12,CLAM-BURG,3,Burger Clamshell
2023-06-12,CUP-12OZ,5,12oz Paper Cup
2023-06-12,CUP-16OZ,2,16oz Paper Cup
2023-06-12,CUP-8OZ,7,8oz Paper Cup
2023-06-12,LID-90,7,90mm Dome Lid
2023-06-12,NAP-33,10,33cm Napkin
2023-06-12,STIR-WD,2,Wooden Stirrer
2023-06-13,BOWL-24,9,24oz Salad Bowl
2023-06-13,CLAM-BURG,3,Burger Clamshell
2023-06-13,CUP-12OZ,5,12oz Paper Cup
2023-06-13,CUP-16OZ,5,16oz Paper Cup
2023-06-13,CUP-8OZ,6,8oz Paper Cup
2023-06-13,LID-90,7,90mm Dome Lid
2023-06-13,NAP-33,9,33cm Napkin
2023-06-14,BOWL-24,3,24oz Salad Bowl
2023-06-14,CLAM-BURG,1,Burger Clamshell
2023-06-14,CUP-12OZ,7,12oz Paper Cup
2023-06-14,CUP-16OZ,4,16oz Paper Cup
2023-06-14,CUP-8OZ,5,8oz Paper Cup
2023-06-14,LID-90,6,90mm Dome Lid
2023-06-14,NAP-33,8,33cm Napkin
2023-06-15,BOWL-24,14,24oz Salad Bowl
2023-06-15,CLAM-BURG,5,Burger Clamshell
2023-06-15,CUP-12OZ,4,12oz Paper Cup
2023-06-15,CUP-16OZ,3,16oz Paper Cup
2023-06-15,CUP-8OZ,6,8oz Paper Cup
2023-06-15,LID-90,6,90mm Dome Lid
2023-06-15,NAP-33,9,33cm Napkin
2023-06-15,STIR-WD,1,Wooden Stirrer
2023-06-16,BOWL-24,7,24oz Salad Bowl
2023-06-16,CLAM-BURG,2,Burger Clamshell
2023-06-16,CUP-12OZ,3,12oz Paper Cup
2023-06-16,CUP-16OZ,3,16oz Paper Cup
2023-06-16,CUP-8OZ,4,8oz Paper Cup
2023-06-16,LID-90,4,90mm Dome Lid
2023-06-16,NAP-33,5,33cm Napkin
2023-06-17,BOWL-24,11,24oz Salad Bowl
2023-06-17,CLAM-BURG,1,Burger Clamshell
2023-06-17,CUP-12OZ,7,12oz Paper Cup
2023-06-17,CUP-16OZ,3,16oz Paper Cup
2023-06-17,CUP-8OZ,6,8oz Paper Cup
2023-06-17,LID-90,8,90mm Dome Lid
2023-06-17,NAP-33,10,33cm Napkin
2023-06-18,BOWL-24,4,24oz Salad Bowl
2023-06-18,CLAM-BURG,2,Burger Clamshell
2023-06-18,CUP-12OZ,6,12oz Paper Cup
2023-06-18,CUP-16OZ,6,16oz Paper Cup
2023-06-18,CUP-8OZ,7,8oz Paper Cup
2023-06-18,LID-90,7,90mm Dome Lid
2023-06-18,NAP-33,11,33cm Napkin
2023-06-19,BOWL-24,8,24oz Salad Bowl
2023-06-19,CLAM-BURG,4,Burger Clamshell
2023-06-19,CUP-12OZ,6,12oz Paper Cup
2023-06-19,CUP-16OZ,4,16oz Paper Cup
2023-06-19,CUP-8OZ,5,8oz Paper Cup
2023-06-19,LID-90,6,90mm Dome Lid
2023-06-19,NAP-33,9,33cm Napkin
2023-06-20,BOWL-24,7,24oz Salad Bowl
2023-06-20,CLAM-BURG,6,Burger Clamshell
2023-06-20,CUP-12OZ,6,12oz Paper Cup
2023-06-20,CUP-16OZ,2,16oz Paper Cup
2023-06-20,CUP-8OZ,7,8oz Paper Cup
2023-06-20,LID-90,6,90mm Dome Lid
2023-06-20,NAP-33,8,33cm Napkin
2023-06-21,BOWL-24,4,24oz Salad Bowl
2023-06-21,CLAM-BURG,4,Burger Clamshell
2023-06-21,CUP-12OZ,5,12oz Paper Cup
2023-06-21,CUP-16OZ,5,16oz Paper Cup
2023-06-21,CUP-8OZ,6,8oz Paper Cup
2023-06-21,LID-90,6,90mm Dome Lid
2023-06-21,NAP-33,9,33cm Napkin
2023-06-22,BOWL-24,9,24oz Salad Bowl
2023-06-22,CLAM-BURG,2,Burger Clamshell
2023-06-22,CUP-12OZ,5,12oz Paper Cup
2023-06-22,CUP-16OZ,5,16oz Paper Cup
2023-06-22,CUP-8OZ,6,8oz Paper Cup
2023-06-22,LID-90,6,90mm Dome Lid
2023-06-22,NAP-33,10,33cm Napkin
2023-06-23,BOWL-24,2,24oz Salad Bowl
2023-06-23,CLAM-BURG,1,Burger Clamshell
2023-06-23,CUP-12OZ,3,12oz Paper Cup
2023-06-23,CUP-16OZ,2,16oz Paper Cup
2023-06-23,CUP-8OZ,3,8oz Paper Cup
2023-06-23,LID-90,3,90mm Dome Lid
2023-06-23,NAP-33,4,33cm Napkin
2023-06-24,BOWL-24,14,24oz Salad Bowl
2023-06-24,CLAM-BURG,5,Burger Clamshell
2023-06-24,CUP-12OZ,7,12oz Paper Cup
2023-06-24,CUP-16OZ,4,16oz Paper Cup
2023-06-24,CUP-8OZ,8,8oz Paper Cup
2023-06-24,LID-90,7,90mm Dome Lid
2023-06-24,NAP-33,8,33cm Napkin
2023-06-25,BOWL-24,15,24oz Salad Bowl
2023-06-25,CLAM-BURG,5,Burger Clamshell
2023-06-25,CUP-12OZ,5,12oz Paper Cup
2023-06-25,CUP-16OZ,3,16oz Paper Cup
2023-06-25,CUP-8OZ,7,8oz Paper Cup
2023-06-25,LID-90,7,90mm Dome Lid
2023-06-25,NAP-33,10,33cm Napkin
2023-06-26,BOWL-24,10,24oz Salad Bowl
2023-06-26,CLAM-BURG,4,Burger Clamshell
2023-06-26,CUP-12OZ,5,12oz Paper Cup
2023-06-26,CUP-16OZ,4,16oz Paper Cup
2023-06-26,CUP-8OZ,7,8oz Paper Cup
2023-06-26,LID-90,7,90mm Dome Lid
2023-06-26,NAP-33,8,33cm Napkin
2023-06-27,BOWL-24,10,24oz Salad Bowl
2023-06-27,CLAM-BURG,4,Burger Clamshell
2023-06-27,CUP-12OZ,5,12oz Paper Cup
2023-06-27,CUP-16OZ,3,16oz Paper Cup
2023-06-27,CUP-8OZ,5,8oz Paper Cup
2023-06-27,LID-90,6,90mm Dome Lid
2023-06-27,NAP-33,10,33cm Napkin
2023-06-28,CLAM-BURG,5,Burger Clamshell
2023-06-28,CUP-12OZ,5,12oz Paper Cup
2023-06-28,CUP-16OZ,4,16oz Paper Cup
2023-06-28,CUP-8OZ,6,8oz Paper Cup
2023-06-28,LID-90,6,90mm Dome Lid
2023-06-28,NAP-33,9,33cm Napkin
2023-06-29,BOWL-24,9,24oz Salad Bowl
2023-06-29,CLAM-BURG,4,Burger Clamshell
2023-06-29,CUP-12OZ,4,12oz Paper Cup
2023-06-29,CUP-16OZ,3,16oz Paper Cup
2023-06-29,CUP-8OZ,6,8oz Paper Cup
2023-06-29,LID-90,7,90mm Dome Lid
2023-06-29,NAP-33,8,33cm Napkin
2023-06-30,BOWL-24,2,24oz Salad Bowl
2023-06-30,CLAM-BURG,3,Burger Clamshell
2023-06-30,CUP-12OZ,3,12oz Paper Cup
2023-06-30,CUP-16OZ,2,16oz Paper Cup
2023-06-30,CUP-8OZ,3,8oz Paper Cup
2023-06-30,LID-90,4,90mm Dome Lid
2023-06-30,NAP-33,5,33cm Napkin
2023-07-01,BOWL-24,14,24oz Salad Bowl
2023-07-01,CLAM-BURG,6,Burger Clamshell
2023-07-01,CUP-12OZ,7,12oz Paper Cup
2023-07-01,CUP-16OZ,4,16oz Paper Cup
2023-07-01,CUP-8OZ,8,8oz Paper Cup
2023-07-01,LID-90,8,90mm Dome Lid
2023-07-01,NAP-33,10,33cm Napkin
2023-07-02,BOWL-24,11,24oz Salad Bowl
2023-07-02,CARR-4CUP,1,4-Cup Carrier
2023-07-02,CLAM-BURG,1,Burger Clamshell
2023-07-02,CUP-12OZ,7,12oz Paper Cup
2023-07-02,CUP-16OZ,4,16oz Paper Cup
2023-07-02,CUP-8OZ,8,8oz Paper Cup
2023-07-02,LID-90,7,90mm Dome Lid
2023-07-02,NAP-33,11,33cm Napkin
2023-07-03,BOWL-24,10,24oz Salad Bowl
2023-07-03,CARR-4CUP,3,4-Cup Carrier
2023-07-03,CLAM-BURG,2,Burger Clamshell
2023-07-03,CUP-12OZ,6,12oz Paper Cup
2023-07-03,CUP-16OZ,5,16oz Paper Cup
2023-07-03,CUP-8OZ,7,8oz Paper Cup
2023-07-03,LID-90,8,90mm Dome Lid
2023-07-03,NAP-33,11,33cm Napkin
2023-07-03,STIR-WD,1,Wooden Stirrer
2023-07-04,CLAM-BURG,3,Burger Clamshell
2023-07-04,CUP-12OZ,6,12oz Paper Cup
2023-07-04,CUP-16OZ,3,16oz Paper Cup
2023-07-04,CUP-8OZ,6,8oz Paper Cup
2023-07-04,LID-90,6,90mm Dome Lid
2023-07-04,NAP-33,11,33cm Napkin
2023-07-05,BOWL-24,7,24oz Salad Bowl
2023-07-05,CLAM-BURG,3,Burger Clamshell
2023-07-05,CUP-12OZ,6,12oz Paper Cup
2023-07-05,CUP-16OZ,6,16oz Paper Cup
2023-07-05,CUP-8OZ,5,8oz Paper Cup
2023-07-05,LID-90,8,90mm Dome Lid
2023-07-05,NAP-33,11,33cm Napkin
2023-07-06,BOWL-24,8,24oz Salad Bowl
2023-07-06,CARR-4CUP,1,4-Cup Carrier
2023-07-06,CLAM-BURG,3,Burger Clamshell
2023-07-06,CUP-12OZ,6,12oz Paper Cup
2023-07-06,CUP-16OZ,2,16oz Paper Cup
2023-07-06,CUP-8OZ,8,8oz Paper Cup
2023-07-06,LID-90,7,90mm Dome Lid
2023-07-06,NAP-33,10,33cm Napkin
2023-07-07,BOWL-24,4,24oz Salad Bowl
2023-07-07,CLAM-BURG,4,Burger Clamshell
2023-07-07,CUP-12OZ,3,12oz Paper Cup
2023-07-07,CUP-16OZ,2,16oz Paper Cup
2023-07-07,CUP-8OZ,3,8oz Paper Cup
2023-07-07,LID-90,4,90mm Dome Lid
2023-07-07,NAP-33,6,33cm Napkin
2023-07-07,STIR-WD,1,Wooden Stirrer
2023-07-08,BOWL-24,18,24oz Salad Bowl
2023-07-08,CLAM-BURG,2,Burger Clamshell
2023-07-08,CUP-12OZ,6,12oz Paper Cup
2023-07-08,CUP-16OZ,1,16oz Paper Cup
2023-07-08,CUP-8OZ,7,8oz Paper Cup
2023-07-08,LID-90,8,90mm Dome Lid
2023-07-08,NAP-33,11,33cm Napkin
2023-07-09,BOWL-24,8,24oz Salad Bowl
2023-07-09,CLAM-BURG,3,Burger Clamshell
2023-07-09,CUP-12OZ,6,12oz Paper Cup
2023-07-09,CUP-16OZ,3,16oz Paper Cup
2023-07-09,CUP-8OZ,9,8oz Paper Cup
2023-07-09,LID-90,9,90mm Dome Lid
2023-07-09,NAP-33,10,33cm Napkin
2023-07-09,STIR-WD,1,Wooden Stirrer
2023-07-10,BOWL-24,18,24oz Salad Bowl
2023-07-10,CLAM-BURG,3,Burger Clamshell
2023-07-10,CUP-12OZ,5,12oz Paper Cup
2023-07-10,CUP-16OZ,3,16oz Paper Cup
2023-07-10,CUP-8OZ,6,8oz Paper Cup
2023-07-10,LID-90,7,90mm Dome Lid
2023-07-10,NAP-33,11,33cm Napkin
2023-07-11,BOWL-24,7,24oz Salad Bowl
2023-07-11,CARR-4CUP,1,4-Cup Carrier
2023-07-11,CLAM-BURG,3,Burger Clamshell
2023-07-11,CUP-12OZ,6,12oz Paper Cup
2023-07-11,CUP-16OZ,6,16oz Paper Cup
2023-07-11,CUP-8OZ,7,8oz Paper Cup
2023-07-11,LID-90,6,90mm Dome Lid
2023-07-11,NAP-33,9,33cm Napkin
2023-07-12,BOWL-24,6,24oz Salad Bowl
2023-07-12,CLAM-BURG,4,Burger Clamshell
2023-07-12,CUP-12OZ,6,12oz Paper Cup
2023-07-12,CUP-8OZ,7,8oz Paper Cup
2023-07-12,LID-90,7,90mm Dome Lid
2023-07-12,NAP-33,9,33cm Napkin
2023-07-13,BOWL-24,8,24oz Salad Bowl
2023-07-13,CLAM-BURG,5,Burger Clamshell
2023-07-13,CUP-12OZ,5,12oz Paper Cup
2023-07-13,CUP-16OZ,5,16oz Paper Cup
2023-07-13,CUP-8OZ,7,8oz Paper Cup
2023-07-13,LID-90,6,90mm Dome Lid
2023-07-13,NAP-33,8,33cm Napkin
2023-07-14,BOWL-24,4,24oz Salad Bowl
2023-07-14,CLAM-BURG,3,Burger Clamshell
2023-07-14,CUP-12OZ,3,12oz Paper Cup
2023-07-14,CUP-16OZ,2,16oz Paper Cup
2023-07-14,CUP-8OZ,4,8oz Paper Cup
2023-07-14,LID-90,4,90mm Dome Lid
2023-07-14,NAP-33,5,33cm Napkin
2023-07-15,BOWL-24,11,24oz Salad Bowl
2023-07-15,CLAM-BURG,1,Burger Clamshell
2023-07-15,CUP-12OZ,7,12oz Paper Cup
2023-07-15,CUP-16OZ,7,16oz Paper Cup
2023-07-15,CUP-8OZ,8,8oz Paper Cup
2023-07-15,LID-90,9,90mm Dome Lid
2023-07-15,NAP-33,9,33cm Napkin
2023-07-16,BOWL-24,13,24oz Salad Bowl
2023-07-16,CLAM-BURG,3,Burger Clamshell
2023-07-16,CUP-12OZ,7,12oz Paper Cup
2023-07-16,CUP-16OZ,5,16oz Paper Cup
2023-07-16,CUP-8OZ,7,8oz Paper Cup
2023-07-16,LID-90,9,90mm Dome Lid
2023-07-16,NAP-33,10,33cm Napkin
2023-07-17,BOWL-24,9,24oz Salad Bowl
2023-07-17,CLAM-BURG,3,Burger Clamshell
2023-07-17,CUP-12OZ,6,12oz Paper Cup
2023-07-17,CUP-16OZ,5,16oz Paper Cup
2023-07-17,CUP-8OZ,7,8oz Paper Cup
2023-07-17,LID-90,6,90mm Dome Lid
2023-07-17,NAP-33,9,33cm Napkin
2023-07-18,BOWL-24,15,24oz Salad Bowl
2023-07-18,CARR-4CUP,2,4-Cup Carrier
2023-07-18,CLAM-BURG,6,Burger Clamshell
2023-07-18,CUP-12OZ,6,12oz Paper Cup
2023-07-18,CUP-16OZ,4,16oz Paper Cup
2023-07-18,CUP-8OZ,7,8oz Paper Cup
2023-07-18,LID-90,8,90mm Dome Lid
2023-07-18,NAP-33,9,33cm Napkin
2023-07-18,SLEEVE-12,36,12oz Cup Sleeve
2023-07-19,BOWL-24,10,24oz Salad Bowl
2023-07-19,CLAM-BURG,4,Burger Clamshell
2023-07-19,CUP-12OZ,7,12oz Paper Cup
2023-07-19,CUP-16OZ,2,16oz Paper Cup
2023-07-19,CUP-8OZ,8,8oz Paper Cup
2023-07-19,LID-90,8,90mm Dome Lid
2023-07-19,NAP-33,9,33cm Napkin
2023-07-19,STIR-WD,1,Wooden Stirrer
2023-07-20,BOWL-24,5,24oz Salad Bowl
2023-07-20,CARR-4CUP,2,4-Cup Carrier
2023-07-20,CLAM-BURG,1,Burger Clamshell
2023-07-20,CUP-12OZ,7,12oz Paper Cup
2023-07-20,CUP-16OZ,4,16oz Paper Cup
2023-07-20,CUP-8OZ,6,8oz Paper Cup
2023-07-20,LID-90,7,90mm Dome Lid
2023-07-20,NAP-33,10,33cm Napkin
2023-07-20,STIR-WD,2,Wooden Stirrer
2023-07-21,BOWL-24,7,24oz Salad Bowl
2023-07-21,CLAM-BURG,3,Burger Clamshell
2023-07-21,CUP-12OZ,4,12oz Paper Cup
2023-07-21,CUP-16OZ,3,16oz Paper Cup
2023-07-21,CUP-8OZ,4,8oz Paper Cup
2023-07-21,LID-90,3,90mm Dome Lid
2023-07-21,NAP-33,5,33cm Napkin
2023-07-22,BOWL-24,9,24oz Salad Bowl
2023-07-22,CLAM-BURG,4,Burger Clamshell
2023-07-22,CUP-12OZ,6,12oz Paper Cup
2023-07-22,CUP-16OZ,5,16oz Paper Cup
2023-07-22,CUP-8OZ,8,8oz Paper Cup
2023-07-22,LID-90,7,90mm Dome Lid
2023-07-22,NAP-33,11,33cm Napkin
2023-07-22,STIR-WD,1,Wooden Stirrer
2023-07-23,BOWL-24,18,24oz Salad Bowl
2023-07-23,CLAM-BURG,5,Burger Clamshell
2023-07-23,CUP-12OZ,7,12oz Paper Cup
2023-07-23,CUP-16OZ,3,16oz Paper Cup
2023-07-23,CUP-8OZ,8,8oz Paper Cup
2023-07-23,LID-90,9,90mm Dome Lid
2023-07-23,NAP-33,12,33cm Napkin
2023-07-23,SLEEVE-12,48,12oz Cup Sleeve
2023-07-24,BOWL-24,19,24oz Salad Bowl
2023-07-24,CARR-4CUP,2,4-Cup Carrier
2023-07-24,CLAM-BURG,4,Burger Clamshell
2023-07-24,CUP-12OZ,6,12oz Paper Cup
2023-07-24,CUP-16OZ,4,16oz Paper Cup
2023-07-24,CUP-8OZ,7,8oz Paper Cup
2023-07-24,LID-90,8,90mm Dome Lid
2023-07-24,NAP-33,9,33cm Napkin
2023-07-25,BOWL-24,14,24oz Salad Bowl
2023-07-25,CLAM-BURG,4,Burger Clamshell
2023-07-25,CUP-12OZ,6,12oz Paper Cup
2023-07-25,CUP-16OZ,2,16oz Paper Cup
2023-07-25,CUP-8OZ,7,8oz Paper Cup
2023-07-25,LID-90,7,90mm Dome Lid
2023-07-25,NAP-33,11,33cm Napkin
2023-07-25,STIR-WD,1,Wooden Stirrer
2023-07-26,BOWL-24,18,24oz Salad Bowl
2023-07-26,CLAM-BURG,5,Burger Clamshell
2023-07-26,CUP-12OZ,6,12oz Paper Cup
2023-07-26,CUP-16OZ,2,16oz Paper Cup
2023-07-26,CUP-8OZ,7,8oz Paper Cup
2023-07-26,LID-90,6,90mm Dome Lid
2023-07-26,NAP-33,10,33cm Napkin
2023-07-27,BOWL-24,16,24oz Salad Bowl
2023-07-27,CLAM-BURG,1,Burger Clamshell
2023-07-27,CUP-12OZ,6,12oz Paper Cup
2023-07-27,CUP-16OZ,3,16oz Paper Cup
2023-07-27,CUP-8OZ,7,8oz Paper Cup
2023-07-27,LID-90,6,90mm Dome Lid
2023-07-27,NAP-33,10,33cm Napkin
2023-07-27,STIR-WD,1,Wooden Stirrer
2023-07-28,BOWL-24,9,24oz Salad Bowl
2023-07-28,CLAM-BURG,2,Burger Clamshell
2023-07-28,CUP-12OZ,3,12oz Paper Cup
2023-07-28,CUP-16OZ,4,16oz Paper Cup
2023-07-28,CUP-8OZ,4,8oz Paper Cup
2023-07-28,LID-90,5,90mm Dome Lid
2023-07-28,NAP-33,6,33cm Napkin
2023-07-29,BOWL-24,5,24oz Salad Bowl
2023-07-29,CLAM-BURG,4,Burger Clamshell
2023-07-29,CUP-12OZ,8,12oz Paper Cup
2023-07-29,CUP-16OZ,4,16oz Paper Cup
2023-07-29,CUP-8OZ,9,8oz Paper Cup
2023-07-29,LID-90,8,90mm Dome Lid
2023-07-29,NAP-33,12,33cm Napkin
2023-07-29,STIR-WD,1,Wooden Stirrer
2023-07-30,BOWL-24,12,24oz Salad Bowl
2023-07-30,CLAM-BURG,3,Burger Clamshell
2023-07-30,CUP-12OZ,7,12oz Paper Cup
2023-07-30,CUP-16OZ,2,16oz Paper Cup
2023-07-30,CUP-8OZ,7,8oz Paper Cup
2023-07-30,LID-90,7,90mm Dome Lid
2023-07-30,NAP-33,10,33cm Napkin
2023-07-30,STIR-WD,3,Wooden Stirrer
2023-07-31,BOWL-24,8,24oz Salad Bowl
2023-07-31,CLAM-BURG,3,Burger Clamshell
2023-07-31,CUP-12OZ,6,12oz Paper Cup
2023-07-31,CUP-16OZ,5,16oz Paper Cup
2023-07-31,CUP-8OZ,6,8oz Paper Cup
2023-07-31,LID-90,6,90mm Dome Lid
2023-07-31,NAP-33,11,33cm Napkin
2023-07-31,STIR-WD,1,Wooden Stirrer
2023-08-01,BOWL-24,8,24oz Salad Bowl
2023-08-01,CLAM-BURG,1,Burger Clamshell
2023-08-01,CUP-12OZ,5,12oz Paper Cup
2023-08-01,CUP-16OZ,4,16oz Paper Cup
2023-08-01,CUP-8OZ,7,8oz Paper Cup
2023-08-01,LID-90,7,90mm Dome Lid
2023-08-01,NAP-33,9,33cm Napkin
2023-08-02,BOWL-24,9,24oz Salad Bowl
2023-08-02,CLAM-BURG,1,Burger Clamshell
2023-08-02,CUP-12OZ,5,12oz Paper Cup
2023-08-02,CUP-16OZ,6,16oz Paper Cup
2023-08-02,CUP-8OZ,6,8oz Paper Cup
2023-08-02,LID-90,7,90mm Dome Lid
2023-08-02,NAP-33,9,33cm Napkin
2023-08-03,BOWL-24,10,24oz Salad Bowl
2023-08-03,CLAM-BURG,3,Burger Clamshell
2023-08-03,CUP-12OZ,5,12oz Paper Cup
2023-08-03,CUP-16OZ,5,16oz Paper Cup
2023-08-03,CUP-8OZ,6,8oz Paper Cup
2023-08-03,LID-90,6,90mm Dome Lid
2023-08-03,NAP-33,8,33cm Napkin
2023-08-04,BOWL-24,1,24oz Salad Bowl
2023-08-04,CLAM-BURG,1,Burger Clamshell
2023-08-04,CUP-12OZ,3,12oz Paper Cup
2023-08-04,CUP-16OZ,3,16oz Paper Cup
2023-08-04,CUP-8OZ,3,8oz Paper Cup
2023-08-04,LID-90,4,90mm Dome Lid
2023-08-04,NAP-33,4,33cm Napkin
2023-08-05,BOWL-24,12,24oz Salad Bowl
2023-08-05,CLAM-BURG,3,Burger Clamshell
2023-08-05,CUP-12OZ,7,12oz Paper Cup
2023-08-05,CUP-16OZ,5,16oz Paper Cup
2023-08-05,CUP-8OZ,6,8oz Paper Cup
2023-08-05,LID-90,7,90mm Dome Lid
2023-08-05,NAP-33,11,33cm Napkin
2023-08-06,BOWL-24,16,24oz Salad Bowl
2023-08-06,CLAM-BURG,3,Burger Clamshell
2023-08-06,CUP-12OZ,7,12oz Paper Cup
2023-08-06,CUP-16OZ,4,16oz Paper Cup
2023-08-06,CUP-8OZ,8,8oz Paper Cup
2023-08-06,LID-90,7,90mm Dome Lid
2023-08-06,NAP-33,11,33cm Napkin
2023-08-07,BOWL-24,15,24oz Salad Bowl
2023-08-07,CLAM-BURG,3,Burger Clamshell
2023-08-07,CUP-12OZ,6,12oz Paper Cup
2023-08-07,CUP-16OZ,3,16oz Paper Cup
2023-08-07,CUP-8OZ,7,8oz Paper Cup
2023-08-07,LID-90,6,90mm Dome Lid
2023-08-07,NAP-33,8,33cm Napkin
2023-08-08,BOWL-24,13,24oz Salad Bowl
2023-08-08,CLAM-BURG,2,Burger Clamshell
2023-08-08,CUP-12OZ,5,12oz Paper Cup
2023-08-08,CUP-16OZ,2,16oz Paper Cup
2023-08-08,CUP-8OZ,6,8oz Paper Cup
2023-08-08,LID-90,6,90mm Dome Lid
2023-08-08,NAP-33,8,33cm Napkin
2023-08-09,BOWL-24,9,24oz Salad Bowl
2023-08-09,CLAM-BURG,5,Burger Clamshell
2023-08-09,CUP-12OZ,5,12oz Paper Cup
2023-08-09,CUP-16OZ,2,16oz Paper Cup
2023-08-09,CUP-8OZ,6,8oz Paper Cup
2023-08-09,LID-90,6,90mm Dome Lid
2023-08-09,NAP-33,8,33cm Napkin
2023-08-10,BOWL-24,8,24oz Salad Bowl
2023-08-10,CLAM-BURG,2,Burger Clamshell
2023-08-10,CUP-12OZ,6,12oz Paper Cup
2023-08-10,CUP-16OZ,3,16oz Paper Cup
2023-08-10,CUP-8OZ,7,8oz Paper Cup
2023-08-10,LID-90,7,90mm Dome Lid
2023-08-10,NAP-33,9,33cm Napkin
2023-08-11,BOWL-24,2,24oz Salad Bowl
2023-08-11,CLAM-BURG,2,Burger Clamshell
2023-08-11,CUP-12OZ,3,12oz Paper Cup
2023-08-11,CUP-16OZ,3,16oz Paper Cup
2023-08-11,CUP-8OZ,3,8oz Paper Cup
2023-08-11,LID-90,4,90mm Dome Lid
2023-08-11,NAP-33,6,33cm Napkin
2023-08-12,BOWL-24,5,24oz Salad Bowl
2023-08-12,CLAM-BURG,3,Burger Clamshell
2023-08-12,CUP-12OZ,7,12oz Paper Cup
2023-08-12,CUP-16OZ,8,16oz Paper Cup
2023-08-12,CUP-8OZ,8,8oz Paper Cup
2023-08-12,LID-90,8,90mm Dome Lid
2023-08-12,NAP-33,10,33cm Napkin
2023-08-13,BOWL-24,15,24oz Salad Bowl
2023-08-13,CLAM-BURG,6,Burger Clamshell
2023-08-13,CUP-12OZ,6,12oz Paper Cup
2023-08-13,CUP-16OZ,5,16oz Paper Cup
2023-08-13,CUP-8OZ,6,8oz Paper Cup
2023-08-13,LID-90,9,90mm Dome Lid
2023-08-13,NAP-33,9,33cm Napkin
2023-08-14,BOWL-24,18,24oz Salad Bowl
2023-08-14,CLAM-BURG,3,Burger Clamshell
2023-08-14,CUP-12OZ,5,12oz Paper Cup
2023-08-14,CUP-16OZ,1,16oz Paper Cup
2023-08-14,CUP-8OZ,6,8oz Paper Cup
2023-08-14,LID-90,5,90mm Dome Lid
2023-08-14,NAP-33,10,33cm Napkin
2023-08-15,BOWL-24,10,24oz Salad Bowl
2023-08-15,CLAM-BURG,3,Burger Clamshell
2023-08-15,CUP-12OZ,5,12oz Paper Cup
2023-08-15,CUP-16OZ,6,16oz Paper Cup
2023-08-15,CUP-8OZ,7,8oz Paper Cup
2023-08-15,LID-90,7,90mm Dome Lid
2023-08-15,NAP-33,8,33cm Napkin
2023-08-16,BOWL-24,11,24oz Salad Bowl
2023-08-16,CLAM-BURG,5,Burger Clamshell
2023-08-16,CUP-12OZ,5,12oz Paper Cup
2023-08-16,CUP-16OZ,5,16oz Paper Cup
2023-08-16,CUP-8OZ,6,8oz Paper Cup
2023-08-16,LID-90,7,90mm Dome Lid
2023-08-16,NAP-33,8,33cm Napkin
2023-08-17,BOWL-24,16,24oz Salad Bowl
2023-08-17,CLAM-BURG,3,Burger Clamshell
2023-08-17,CUP-12OZ,5,12oz Paper Cup
2023-08-17,CUP-16OZ,4,16oz Paper Cup
2023-08-17,CUP-8OZ,7,8oz Paper Cup
2023-08-17,LID-90,6,90mm Dome Lid
2023-08-17,NAP-33,9,33cm Napkin
2023-08-18,BOWL-24,7,24oz Salad Bowl
2023-08-18,CARR-4CUP,1,4-Cup Carrier
2023-08-18,CLAM-BURG,2,Burger Clamshell
2023-08-18,CUP-12OZ,3,12oz Paper Cup
2023-08-18,CUP-16OZ,3,16oz Paper Cup
2023-08-18,CUP-8OZ,3,8oz Paper Cup
2023-08-18,LID-90,3,90mm Dome Lid
2023-08-18,NAP-33,5,33cm Napkin
2023-08-19,BOWL-24,14,24oz Salad Bowl
2023-08-19,CLAM-BURG,6,Burger Clamshell
2023-08-19,CUP-12OZ,6,12oz Paper Cup
2023-08-19,CUP-16OZ,2,16oz Paper Cup
2023-08-19,CUP-8OZ,8,8oz Paper Cup
2023-08-19,LID-90,8,90mm Dome Lid
2023-08-19,NAP-33,10,33cm Napkin
2023-08-20,BOWL-24,20,24oz Salad Bowl
2023-08-20,CLAM-BURG,4,Burger Clamshell
2023-08-20,CUP-12OZ,5,12oz Paper Cup
2023-08-20,CUP-16OZ,4,16oz Paper Cup
2023-08-20,CUP-8OZ,8,8oz Paper Cup
2023-08-20,LID-90,7,90mm Dome Lid
2023-08-20,NAP-33,11,33cm Napkin
2023-08-21,BOWL-24,8,24oz Salad Bowl
2023-08-21,CLAM-BURG,3,Burger Clamshell
2023-08-21,CUP-12OZ,5,12oz Paper Cup
2023-08-21,CUP-16OZ,6,16oz Paper Cup
2023-08-21,CUP-8OZ,6,8oz Paper Cup
2023-08-21,LID-90,6,90mm Dome Lid
2023-08-21,NAP-33,10,33cm Napkin
2023-08-22,BOWL-24,10,24oz Salad Bowl
2023-08-22,CLAM-BURG,4,Burger Clamshell
2023-08-22,CUP-12OZ,5,12oz Paper Cup
2023-08-22,CUP-16OZ,6,16oz Paper Cup
2023-08-22,CUP-8OZ,7,8oz Paper Cup
2023-08-22,LID-90,6,90mm Dome Lid
2023-08-22,NAP-33,7,33cm Napkin
2023-08-23,BOWL-24,11,24oz Salad Bowl
2023-08-23,CARR-4CUP,2,4-Cup Carrier
2023-08-23,CLAM-BURG,3,Burger Clamshell
2023-08-23,CUP-12OZ,5,12oz Paper Cup
2023-08-23,CUP-16OZ,1,16oz Paper Cup
2023-08-23,CUP-8OZ,6,8oz Paper Cup
2023-08-23,LID-90,7,90mm Dome Lid
2023-08-23,NAP-33,9,33cm Napkin
2023-08-24,BOWL-24,6,24oz Salad Bowl
2023-08-24,CLAM-BURG,3,Burger Clamshell
2023-08-24,CUP-12OZ,5,12oz Paper Cup
2023-08-24,CUP-16OZ,2,16oz Paper Cup
2023-08-24,CUP-8OZ,7,8oz Paper Cup
2023-08-24,LID-90,7,90mm Dome Lid
2023-08-24,NAP-33,10,33cm Napkin
2023-08-25,BOWL-24,6,24oz Salad Bowl
2023-08-25,CLAM-BURG,2,Burger Clamshell
2023-08-25,CUP-12OZ,3,12oz Paper Cup
2023-08-25,CUP-16OZ,3,16oz Paper Cup
2023-08-25,CUP-8OZ,3,8oz Paper Cup
2023-08-25,LID-90,4,90mm Dome Lid
2023-08-25,NAP-33,6,33cm Napkin
2023-08-26,BOWL-24,11,24oz Salad Bowl
2023-08-26,CLAM-BURG,3,Burger Clamshell
2023-08-26,CUP-12OZ,6,12oz Paper Cup
2023-08-26,CUP-16OZ,3,16oz Paper Cup
2023-08-26,CUP-8OZ,7,8oz Paper Cup
2023-08-26,LID-90,7,90mm Dome Lid
2023-08-26,NAP-33,9,33cm Napkin
2023-08-27,BOWL-24,9,24oz Salad Bowl
2023-08-27,CLAM-BURG,1,Burger Clamshell
2023-08-27,CUP-12OZ,6,12oz Paper Cup
2023-08-27,CUP-16OZ,1,16oz Paper Cup
2023-08-27,CUP-8OZ,8,8oz Paper Cup
2023-08-27,LID-90,7,90mm Dome Lid
2023-08-27,NAP-33,9,33cm Napkin
2023-08-28,BOWL-24,14,24oz Salad Bowl
2023-08-28,CLAM-BURG,6,Burger Clamshell
2023-08-28,CUP-12OZ,5,12oz Paper Cup
2023-08-28,CUP-16OZ,7,16oz Paper Cup
2023-08-28,CUP-8OZ,5,8oz Paper Cup
2023-08-28,LID-90,8,90mm Dome Lid
2023-08-28,NAP-33,8,33cm Napkin
2023-08-29,BOWL-24,4,24oz Salad Bowl
2023-08-29,CARR-4CUP,2,4-Cup Carrier
2023-08-29,CLAM-BURG,5,Burger Clamshell
2023-08-29,CUP-12OZ,5,12oz Paper Cup
2023-08-29,CUP-16OZ,4,16oz Paper Cup
2023-08-29,CUP-8OZ,6,8oz Paper Cup
2023-08-29,LID-90,6,90mm Dome Lid
2023-08-29,NAP-33,9,33cm Napkin
2023-08-30,BOWL-24,10,24oz Salad Bowl
2023-08-30,CARR-4CUP,3,4-Cup Carrier
2023-08-30,CLAM-BURG,1,Burger Clamshell
2023-08-30,CUP-12OZ,5,12oz Paper Cup
2023-08-30,CUP-16OZ,3,16oz Paper Cup
2023-08-30,CUP-8OZ,7,8oz Paper Cup
2023-08-30,LID-90,6,90mm Dome Lid
2023-08-30,NAP-33,9,33cm Napkin
2023-08-31,BOWL-24,10,24oz Salad Bowl
2023-08-31,CLAM-BURG,5,Burger Clamshell
2023-08-31,CUP-12OZ,5,12oz Paper Cup
2023-08-31,CUP-16OZ,5,16oz Paper Cup
2023-08-31,CUP-8OZ,8,8oz Paper Cup
2023-08-31,LID-90,6,90mm Dome Lid
2023-08-31,NAP-33,10,33cm Napkin
2023-09-01,BOWL-24,4,24oz Salad Bowl
2023-09-01,CLAM-BURG,1,Burger Clamshell
2023-09-01,CUP-12OZ,3,12oz Paper Cup
2023-09-01,CUP-16OZ,1,16oz Paper Cup
2023-09-01,CUP-8OZ,3,8oz Paper Cup
2023-09-01,LID-90,3,90mm Dome Lid
2023-09-01,NAP-33,4,33cm Napkin
2023-09-02,BOWL-24,12,24oz Salad Bowl
2023-09-02,CLAM-BURG,5,Burger Clamshell
2023-09-02,CUP-12OZ,5,12oz Paper Cup
2023-09-02,CUP-16OZ,3,16oz Paper Cup
2023-09-02,CUP-8OZ,7,8oz Paper Cup
2023-09-02,LID-90,5,90mm Dome Lid
2023-09-02,NAP-33,7,33cm Napkin
2023-09-03,BOWL-24,6,24oz Salad Bowl
2023-09-03,CLAM-BURG,2,Burger Clamshell
2023-09-03,CUP-12OZ,4,12oz Paper Cup
2023-09-03,CUP-16OZ,5,16oz Paper Cup
2023-09-03,CUP-8OZ,6,8oz Paper Cup
2023-09-03,LID-90,6,90mm Dome Lid
2023-09-03,NAP-33,8,33cm Napkin
2023-09-04,BOWL-24,7,24oz Salad Bowl
2023-09-04,CLAM-BURG,2,Burger Clamshell
2023-09-04,CUP-12OZ,5,12oz Paper Cup
2023-09-04,CUP-16OZ,5,16oz Paper Cup
2023-09-04,CUP-8OZ,5,8oz Paper Cup
2023-09-04,LID-90,6,90mm Dome Lid
2023-09-04,NAP-33,7,33cm Napkin
2023-09-05,BOWL-24,1,24oz Salad Bowl
2023-09-05,CLAM-BURG,2,Burger Clamshell
2023-09-05,CUP-12OZ,5,12oz Paper Cup
2023-09-05,CUP-16OZ,3,16oz Paper Cup
2023-09-05,CUP-8OZ,5,8oz Paper Cup
2023-09-05,LID-90,4,90mm Dome Lid
2023-09-05,NAP-33,8,33cm Napkin
2023-09-06,BOWL-24,3,24oz Salad Bowl
2023-09-06,CLAM-BURG,2,Burger Clamshell
2023-09-06,CUP-12OZ,5,12oz Paper Cup
2023-09-06,CUP-16OZ,3,16oz Paper Cup
2023-09-06,CUP-8OZ,5,8oz Paper Cup
2023-09-06,LID-90,5,90mm Dome Lid
2023-09-06,NAP-33,8,33cm Napkin
2023-09-06,STIR-WD,1,Wooden Stirrer
2023-09-07,BOWL-24,5,24oz Salad Bowl
2023-09-07,CLAM-BURG,4,Burger Clamshell
2023-09-07,CUP-12OZ,5,12oz Paper Cup
2023-09-07,CUP-16OZ,4,16oz Paper Cup
2023-09-07,CUP-8OZ,5,8oz Paper Cup
2023-09-07,LID-90,6,90mm Dome Lid
2023-09-07,NAP-33,7,33cm Napkin
2023-09-08,BOWL-24,5,24oz Salad Bowl
2023-09-08,CLAM-BURG,2,Burger Clamshell
2023-09-08,CUP-12OZ,2,12oz Paper Cup
2023-09-08,CUP-16OZ,2,16oz Paper Cup
2023-09-08,CUP-8OZ,3,8oz Paper Cup
2023-09-08,LID-90,3,90mm Dome Lid
2023-09-08,NAP-33,4,33cm Napkin
2023-09-09,BOWL-24,12,24oz Salad Bowl
2023-09-09,CLAM-BURG,5,Burger Clamshell
2023-09-09,CUP-12OZ,5,12oz Paper Cup
2023-09-09,CUP-16OZ,4,16oz Paper Cup
2023-09-09,CUP-8OZ,6,8oz Paper Cup
2023-09-09,LID-90,6,90mm Dome Lid
2023-09-09,NAP-33,8,33cm Napkin
2023-09-10,CLAM-BURG,4,Burger Clamshell
2023-09-10,CUP-12OZ,4,12oz Paper Cup
2023-09-10,CUP-16OZ,2,16oz Paper Cup
2023-09-10,CUP-8OZ,7,8oz Paper Cup
2023-09-10,LID-90,6,90mm Dome Lid
2023-09-10,NAP-33,7,33cm Napkin
2023-09-11,BOWL-24,7,24oz Salad Bowl
2023-09-11,CLAM-BURG,1,Burger Clamshell
2023-09-11,CUP-12OZ,4,12oz Paper Cup
2023-09-11,CUP-16OZ,3,16oz Paper Cup
2023-09-11,CUP-8OZ,5,8oz Paper Cup
2023-09-11,LID-90,5,90mm Dome Lid
2023-09-11,NAP-33,7,33cm Napkin
2023-09-12,BOWL-24,10,24oz Salad Bowl
2023-09-12,CLAM-BURG,3,Burger Clamshell
2023-09-12,CUP-12OZ,4,12oz Paper Cup
2023-09-12,CUP-16OZ,3,16oz Paper Cup
2023-09-12,CUP-8OZ,5,8oz Paper Cup
2023-09-12,LID-90,5,90mm Dome Lid
2023-09-12,NAP-33,8,33cm Napkin
2023-09-13,BOWL-24,8,24oz Salad Bowl
2023-09-13,CLAM-BURG,3,Burger Clamshell
2023-09-13,CUP-12OZ,4,12oz Paper Cup
2023-09-13,CUP-16OZ,4,16oz Paper Cup
2023-09-13,CUP-8OZ,6,8oz Paper Cup
2023-09-13,LID-90,5,90mm Dome Lid
2023-09-13,NAP-33,7,33cm Napkin
2023-09-14,BOWL-24,6,24oz Salad Bowl
2023-09-14,CLAM-BURG,2,Burger Clamshell
2023-09-14,CUP-12OZ,5,12oz Paper Cup
2023-09-14,CUP-8OZ,6,8oz Paper Cup
2023-09-14,LID-90,6,90mm Dome Lid
2023-09-14,NAP-33,7,33cm Napkin
2023-09-15,BOWL-24,3,24oz Salad Bowl
2023-09-15,CLAM-BURG,2,Burger Clamshell
2023-09-15,CUP-12OZ,3,12oz Paper Cup
2023-09-15,CUP-16OZ,2,16oz Paper Cup
2023-09-15,CUP-8OZ,3,8oz Paper Cup
2023-09-15,LID-90,2,90mm Dome Lid
2023-09-15,NAP-33,4,33cm Napkin
2023-09-16,BOWL-24,7,24oz Salad Bowl
2023-09-16,CLAM-BURG,4,Burger Clamshell
2023-09-16,CUP-12OZ,6,12oz Paper Cup
2023-09-16,CUP-16OZ,5,16oz Paper Cup
2023-09-16,CUP-8OZ,5,8oz Paper Cup
2023-09-16,LID-90,6,90mm Dome Lid
2023-09-16,NAP-33,9,33cm Napkin
2023-09-17,BOWL-24,11,24oz Salad Bowl
2023-09-17,CLAM-BURG,2,Burger Clamshell
2023-09-17,CUP-12OZ,5,12oz Paper Cup
2023-09-17,CUP-16OZ,6,16oz Paper Cup
2023-09-17,CUP-8OZ,6,8oz Paper Cup
2023-09-17,LID-90,7,90mm Dome Lid
2023-09-17,NAP-33,9,33cm Napkin
2023-09-18,BOWL-24,11,24oz Salad Bowl
2023-09-18,CLAM-BURG,1,Burger Clamshell
2023-09-18,CUP-12OZ,4,12oz Paper Cup
2023-09-18,CUP-16OZ,4,16oz Paper Cup
2023-09-18,CUP-8OZ,5,8oz Paper Cup
2023-09-18,LID-90,5,90mm Dome Lid
2023-09-18,NAP-33,7,33cm Napkin
2023-09-19,BOWL-24,8,24oz Salad Bowl
2023-09-19,CLAM-BURG,3,Burger Clamshell
2023-09-19,CUP-12OZ,5,12oz Paper Cup
2023-09-19,CUP-16OZ,2,16oz Paper Cup
2023-09-19,CUP-8OZ,5,8oz Paper Cup
2023-09-19,LID-90,6,90mm Dome Lid
2023-09-19,NAP-33,7,33cm Napkin
2023-09-20,BOWL-24,7,24oz Salad Bowl
2023-09-20,CLAM-BURG,1,Burger Clamshell
2023-09-20,CUP-12OZ,4,12oz Paper Cup
2023-09-20,CUP-16OZ,1,16oz Paper Cup
2023-09-20,CUP-8OZ,6,8oz Paper Cup
2023-09-20,LID-90,5,90mm Dome Lid
2023-09-20,NAP-33,8,33cm Napkin
2023-09-21,BOWL-24,8,24oz Salad Bowl
2023-09-21,CLAM-BURG,2,Burger Clamshell
2023-09-21,CUP-12OZ,5,12oz Paper Cup
2023-09-21,CUP-16OZ,3,16oz Paper Cup
2023-09-21,CUP-8OZ,5,8oz Paper Cup
2023-09-21,LID-90,6,90mm Dome Lid
2023-09-21,NAP-33,8,33cm Napkin
2023-09-22,BOWL-24,5,24oz Salad Bowl
2023-09-22,CLAM-BURG,1,Burger Clamshell
2023-09-22,CUP-12OZ,3,12oz Paper Cup
2023-09-22,CUP-16OZ,1,16oz Paper Cup
2023-09-22,CUP-8OZ,3,8oz Paper Cup
2023-09-22,LID-90,3,90mm Dome Lid
2023-09-22,NAP-33,4,33cm Napkin
2023-09-22,STIR-WD,1,Wooden Stirrer
2023-09-23,BOWL-24,8,24oz Salad Bowl
2023-09-23,CLAM-BURG,3,Burger Clamshell
2023-09-23,CUP-12OZ,5,12oz Paper Cup
2023-09-23,CUP-16OZ,3,16oz Paper Cup
2023-09-23,CUP-8OZ,7,8oz Paper Cup
2023-09-23,LID-90,5,90mm Dome Lid
2023-09-23,NAP-33,7,33cm Napkin
2023-09-24,BOWL-24,10,24oz Salad Bowl
2023-09-24,CLAM-BURG,3,Burger Clamshell
2023-09-24,CUP-12OZ,5,12oz Paper Cup
2023-09-24,CUP-16OZ,6,16oz Paper Cup
2023-09-24,CUP-8OZ,6,8oz Paper Cup
2023-09-24,LID-90,5,90mm Dome Lid
2023-09-24,NAP-33,9,33cm Napkin
2023-09-25,BOWL-24,6,24oz Salad Bowl
2023-09-25,CLAM-BURG,3,Burger Clamshell
2023-09-25,CUP-12OZ,4,12oz Paper Cup
2023-09-25,CUP-16OZ,2,16oz Paper Cup
2023-09-25,CUP-8OZ,5,8oz Paper Cup
2023-09-25,LID-90,4,90mm Dome Lid
2023-09-25,NAP-33,8,33cm Napkin
2023-09-26,BOWL-24,8,24oz Salad Bowl
2023-09-26,CLAM-BURG,1,Burger Clamshell
2023-09-26,CUP-12OZ,5,12oz Paper Cup
2023-09-26,CUP-16OZ,3,16oz Paper Cup
2023-09-26,CUP-8OZ,5,8oz Paper Cup
2023-09-26,LID-90,6,90mm Dome Lid
2023-09-26,NAP-33,8,33cm Napkin
2023-09-27,BOWL-24,9,24oz Salad Bowl
2023-09-27,CLAM-BURG,4,Burger Clamshell
2023-09-27,CUP-12OZ,4,12oz Paper Cup
2023-09-27,CUP-16OZ,4,16oz Paper Cup
2023-09-27,CUP-8OZ,5,8oz Paper Cup
2023-09-27,LID-90,5,90mm Dome Lid
2023-09-27,NAP-33,7,33cm Napkin
2023-09-28,BOWL-24,3,24oz Salad Bowl
2023-09-28,CLAM-BURG,4,Burger Clamshell
2023-09-28,CUP-12OZ,5,12oz Paper Cup
2023-09-28,CUP-16OZ,4,16oz Paper Cup
2023-09-28,CUP-8OZ,5,8oz Paper Cup
2023-09-28,LID-90,6,90mm Dome Lid
2023-09-28,NAP-33,6,33cm Napkin
2023-09-28,STIR-WD,1,Wooden Stirrer
2023-09-29,BOWL-24,8,24oz Salad Bowl
2023-09-29,CLAM-BURG,1,Burger Clamshell
2023-09-29,CUP-12OZ,3,12oz Paper Cup
2023-09-29,CUP-16OZ,1,16oz Paper Cup
2023-09-29,CUP-8OZ,3,8oz Paper Cup
2023-09-29,LID-90,3,90mm Dome Lid
2023-09-29,NAP-33,4,33cm Napkin
2023-09-30,BOWL-24,7,24oz Salad Bowl
2023-09-30,CLAM-BURG,2,Burger Clamshell
2023-09-30,CUP-12OZ,5,12oz Paper Cup
2023-09-30,CUP-16OZ,4,16oz Paper Cup
2023-09-30,CUP-8OZ,5,8oz Paper Cup
2023-09-30,LID-90,6,90mm Dome Lid
2023-09-30,NAP-33,10,33cm Napkin
2023-10-01,BOWL-24,12,24oz Salad Bowl
2023-10-01,CLAM-BURG,2,Burger Clamshell
2023-10-01,CUP-12OZ,5,12oz Paper Cup
2023-10-01,CUP-16OZ,2,16oz Paper Cup
2023-10-01,CUP-8OZ,7,8oz Paper Cup
2023-10-01,LID-90,5,90mm Dome Lid
2023-10-01,NAP-33,9,33cm Napkin
2023-10-01,STIR-WD,2,Wooden Stirrer
2023-10-02,BOWL-24,8,24oz Salad Bowl
2023-10-02,CLAM-BURG,2,Burger Clamshell
2023-10-02,CUP-12OZ,4,12oz Paper Cup
2023-10-02,CUP-16OZ,2,16oz Paper Cup
2023-10-02,CUP-8OZ,5,8oz Paper Cup
2023-10-02,LID-90,4,90mm Dome Lid
2023-10-02,NAP-33,8,33cm Napkin
2023-10-03,BOWL-24,6,24oz Salad Bowl
2023-10-03,CLAM-BURG,3,Burger Clamshell
2023-10-03,CUP-12OZ,4,12oz Paper Cup
2023-10-03,CUP-16OZ,4,16oz Paper Cup
2023-10-03,CUP-8OZ,5,8oz Paper Cup
2023-10-03,LID-90,5,90mm Dome Lid
2023-10-03,NAP-33,6,33cm Napkin
2023-10-03,STIR-WD,1,Wooden Stirrer
2023-10-04,BOWL-24,8,24oz Salad Bowl
2023-10-04,CLAM-BURG,3,Burger Clamshell
2023-10-04,CUP-12OZ,4,12oz Paper Cup
2023-10-04,CUP-16OZ,3,16oz Paper Cup
2023-10-04,CUP-8OZ,5,8oz Paper Cup
2023-10-04,LID-90,5,90mm Dome Lid
2023-10-04,NAP-33,7,33cm Napkin
2023-10-05,CLAM-BURG,2,Burger Clamshell
2023-10-05,CUP-12OZ,5,12oz Paper Cup
2023-10-05,CUP-8OZ,5,8oz Paper Cup
2023-10-05,LID-90,6,90mm Dome Lid
2023-10-05,NAP-33,8,33cm Napkin
2023-10-06,BOWL-24,5,24oz Salad Bowl
2023-10-06,CLAM-BURG,2,Burger Clamshell
2023-10-06,CUP-12OZ,3,12oz Paper Cup
2023-10-06,CUP-16OZ,1,16oz Paper Cup
2023-10-06,CUP-8OZ,3,8oz Paper Cup
2023-10-06,LID-90,3,90mm Dome Lid
2023-10-06,NAP-33,4,33cm Napkin
2023-10-06,STIR-WD,1,Wooden Stirrer
2023-10-07,BOWL-24,8,24oz Salad Bowl
2023-10-07,CLAM-BURG,4,Burger Clamshell
2023-10-07,CUP-12OZ,5,12oz Paper Cup
2023-10-07,CUP-16OZ,3,16oz Paper Cup
2023-10-07,CUP-8OZ,5,8oz Paper Cup
2023-10-07,LID-90,6,90mm Dome Lid
2023-10-07,NAP-33,8,33cm Napkin
2023-10-07,STIR-WD,1,Wooden Stirrer
2023-10-08,BOWL-24,10,24oz Salad Bowl
2023-10-08,CLAM-BURG,3,Burger Clamshell
2023-10-08,CUP-12OZ,5,12oz Paper Cup
2023-10-08,CUP-16OZ,3,16oz Paper Cup
2023-10-08,CUP-8OZ,7,8oz Paper Cup
2023-10-08,LID-90,6,90mm Dome Lid
2023-10-08,NAP-33,9,33cm Napkin
2023-10-09,BOWL-24,2,24oz Salad Bowl
2023-10-09,CLAM-BURG,3,Burger Clamshell
2023-10-09,CUP-12OZ,5,12oz Paper Cup
2023-10-09,CUP-16OZ,4,16oz Paper Cup
2023-10-09,CUP-8OZ,6,8oz Paper Cup
2023-10-09,LID-90,6,90mm Dome Lid
2023-10-09,NAP-33,8,33cm Napkin
2023-10-09,STIR-WD,2,Wooden Stirrer
2023-10-10,BOWL-24,9,24oz Salad Bowl
2023-10-10,CLAM-BURG,4,Burger Clamshell
2023-10-10,CUP-12OZ,5,12oz Paper Cup
2023-10-10,CUP-16OZ,4,16oz Paper Cup
2023-10-10,CUP-8OZ,5,8oz Paper Cup
2023-10-10,LID-90,5,90mm Dome Lid
2023-10-10,NAP-33,8,33cm Napkin
2023-10-11,BOWL-24,4,24oz Salad Bowl
2023-10-11,CLAM-BURG,3,Burger Clamshell
2023-10-11,CUP-12OZ,5,12oz Paper Cup
2023-10-11,CUP-16OZ,3,16oz Paper Cup
2023-10-11,CUP-8OZ,5,8oz Paper Cup
2023-10-11,LID-90,6,90mm Dome Lid
2023-10-11,NAP-33,7,33cm Napkin
2023-10-12,BOWL-24,12,24oz Salad Bowl
2023-10-12,CLAM-BURG,4,Burger Clamshell
2023-10-12,CUP-12OZ,5,12oz Paper Cup
2023-10-12,CUP-16OZ,5,16oz Paper Cup
2023-10-12,CUP-8OZ,5,8oz Paper Cup
2023-10-12,LID-90,5,90mm Dome Lid
2023-10-12,NAP-33,8,33cm Napkin
2023-10-13,BOWL-24,6,24oz Salad Bowl
2023-10-13,CLAM-BURG,2,Burger Clamshell
2023-10-13,CUP-12OZ,2,12oz Paper Cup
2023-10-13,CUP-16OZ,1,16oz Paper Cup
2023-10-13,CUP-8OZ,3,8oz Paper Cup
2023-10-13,LID-90,3,90mm Dome Lid
2023-10-13,NAP-33,4,33cm Napkin
2023-10-14,BOWL-24,5,24oz Salad Bowl
2023-10-14,CLAM-BURG,2,Burger Clamshell
2023-10-14,CUP-12OZ,5,12oz Paper Cup
2023-10-14,CUP-16OZ,6,16oz Paper Cup
2023-10-14,CUP-8OZ,6,8oz Paper Cup
2023-10-14,LID-90,5,90mm Dome Lid
2023-10-14,NAP-33,9,33cm Napkin
2023-10-15,BOWL-24,7,24oz Salad Bowl
2023-10-15,CLAM-BURG,2,Burger Clamshell
2023-10-15,CUP-12OZ,5,12oz Paper Cup
2023-10-15,CUP-16OZ,5,16oz Paper Cup
2023-10-15,CUP-8OZ,6,8oz Paper Cup
2023-10-15,LID-90,5,90mm Dome Lid
2023-10-15,NAP-33,7,33cm Napkin
2023-10-16,BOWL-24,8,24oz Salad Bowl
2023-10-16,CLAM-BURG,1,Burger Clamshell
2023-10-16,CUP-12OZ,4,12oz Paper Cup
2023-10-16,CUP-16OZ,5,16oz Paper Cup
2023-10-16,CUP-8OZ,4,8oz Paper Cup
2023-10-16,LID-90,5,90mm Dome Lid
2023-10-16,NAP-33,7,33cm Napkin
2023-10-16,STIR-WD,1,Wooden Stirrer
2023-10-17,BOWL-24,6,24oz Salad Bowl
2023-10-17,CLAM-BURG,3,Burger Clamshell
2023-10-17,CUP-12OZ,5,12oz Paper Cup
2023-10-17,CUP-16OZ,4,16oz Paper Cup
2023-10-17,CUP-8OZ,5,8oz Paper Cup
2023-10-17,LID-90,6,90mm Dome Lid
2023-10-17,NAP-33,7,33cm Napkin
2023-10-18,BOWL-24,5,24oz Salad Bowl
2023-10-18,CLAM-BURG,2,Burger Clamshell
2023-10-18,CUP-12OZ,5,12oz Paper Cup
2023-10-18,CUP-16OZ,6,16oz Paper Cup
2023-10-18,CUP-8OZ,6,8oz Paper Cup
2023-10-18,LID-90,5,90mm Dome Lid
2023-10-18,NAP-33,8,33cm Napkin
2023-10-19,BOWL-24,11,24oz Salad Bowl
2023-10-19,CLAM-BURG,4,Burger Clamshell
2023-10-19,CUP-12OZ,4,12oz Paper Cup
2023-10-19,CUP-16OZ,6,16oz Paper Cup
2023-10-19,CUP-8OZ,4,8oz Paper Cup
2023-10-19,LID-90,5,90mm Dome Lid
2023-10-19,NAP-33,8,33cm Napkin
2023-10-20,BOWL-24,9,24oz Salad Bowl
2023-10-20,CLAM-BURG,1,Burger Clamshell
2023-10-20,CUP-12OZ,2,12oz Paper Cup
2023-10-20,CUP-16OZ,1,16oz Paper Cup
2023-10-20,CUP-8OZ,3,8oz Paper Cup
2023-10-20,LID-90,3,90mm Dome Lid
2023-10-20,NAP-33,4,33cm Napkin
2023-10-21,BOWL-24,2,24oz Salad Bowl
2023-10-21,CLAM-BURG,2,Burger Clamshell
2023-10-21,CUP-12OZ,5,12oz Paper Cup
2023-10-21,CUP-16OZ,6,16oz Paper Cup
2023-10-21,CUP-8OZ,6,8oz Paper Cup
2023-10-21,LID-90,6,90mm Dome Lid
2023-10-21,NAP-33,8,33cm Napkin
2023-10-22,BOWL-24,11,24oz Salad Bowl
2023-10-22,CLAM-BURG,3,Burger Clamshell
2023-10-22,CUP-12OZ,5,12oz Paper Cup
2023-10-22,CUP-16OZ,6,16oz Paper Cup
2023-10-22,CUP-8OZ,6,8oz Paper Cup
2023-10-22,LID-90,5,90mm Dome Lid
2023-10-22,NAP-33,9,33cm Napkin
2023-10-23,BOWL-24,6,24oz Salad Bowl
2023-10-23,CLAM-BURG,1,Burger Clamshell
2023-10-23,CUP-12OZ,4,12oz Paper Cup
2023-10-23,CUP-16OZ,4,16oz Paper Cup
2023-10-23,CUP-8OZ,6,8oz Paper Cup
2023-10-23,LID-90,5,90mm Dome Lid
2023-10-23,NAP-33,8,33cm Napkin
2023-10-24,BOWL-24,4,24oz Salad Bowl
2023-10-24,CLAM-BURG,4,Burger Clamshell
2023-10-24,CUP-12OZ,4,12oz Paper Cup
2023-10-24,CUP-16OZ,3,16oz Paper Cup
2023-10-24,CUP-8OZ,6,8oz Paper Cup
2023-10-24,LID-90,5,90mm Dome Lid
2023-10-24,NAP-33,7,33cm Napkin
2023-10-25,BOWL-24,10,24oz Salad Bowl
2023-10-25,CLAM-BURG,3,Burger Clamshell
2023-10-25,CUP-12OZ,5,12oz Paper Cup
2023-10-25,CUP-16OZ,3,16oz Paper Cup
2023-10-25,CUP-8OZ,5,8oz Paper Cup
2023-10-25,LID-90,4,90mm Dome Lid
2023-10-25,NAP-33,8,33cm Napkin
2023-10-26,BOWL-24,7,24oz Salad Bowl
2023-10-26,CLAM-BURG,1,Burger Clamshell
2023-10-26,CUP-12OZ,5,12oz Paper Cup
2023-10-26,CUP-8OZ,5,8oz Paper Cup
2023-10-26,LID-90,5,90mm Dome Lid
2023-10-26,NAP-33,8,33cm Napkin
2023-10-27,BOWL-24,5,24oz Salad Bowl
2023-10-27,CLAM-BURG,1,Burger Clamshell
2023-10-27,CUP-12OZ,3,12oz Paper Cup
2023-10-27,CUP-16OZ,1,16oz Paper Cup
2023-10-27,CUP-8OZ,3,8oz Paper Cup
2023-10-27,LID-90,3,90mm Dome Lid
2023-10-27,NAP-33,4,33cm Napkin
2023-10-28,BOWL-24,3,24oz Salad Bowl
2023-10-28,CLAM-BURG,3,Burger Clamshell
2023-10-28,CUP-12OZ,5,12oz Paper Cup
2023-10-28,CUP-16OZ,2,16oz Paper Cup
2023-10-28,CUP-8OZ,7,8oz Paper Cup
2023-10-28,LID-90,6,90mm Dome Lid
2023-10-28,NAP-33,7,33cm Napkin
2023-10-28,STIR-WD,1,Wooden Stirrer
2023-10-29,BOWL-24,16,24oz Salad Bowl
2023-10-29,CLAM-BURG,4,Burger Clamshell
2023-10-29,CUP-12OZ,5,12oz Paper Cup
2023-10-29,CUP-16OZ,1,16oz Paper Cup
2023-10-29,CUP-8OZ,5,8oz Paper Cup
2023-10-29,LID-90,6,90mm Dome Lid
2023-10-29,NAP-33,7,33cm Napkin
2023-10-30,BOWL-24,3,24oz Salad Bowl
2023-10-30,CLAM-BURG,1,Burger Clamshell
2023-10-30,CUP-12OZ,4,12oz Paper Cup
2023-10-30,CUP-16OZ,4,16oz Paper Cup
2023-10-30,CUP-8OZ,6,8oz Paper Cup
2023-10-30,LID-90,6,90mm Dome Lid
2023-10-30,NAP-33,6,33cm Napkin
2023-10-31,BOWL-24,13,24oz Salad Bowl
2023-10-31,CLAM-BURG,4,Burger Clamshell
2023-10-31,CUP-12OZ,5,12oz Paper Cup
2023-10-31,CUP-16OZ,2,16oz Paper Cup
2023-10-31,CUP-8OZ,5,8oz Paper Cup
2023-10-31,LID-90,5,90mm Dome Lid
2023-10-31,NAP-33,6,33cm Napkin
2023-11-01,BOWL-24,11,24oz Salad Bowl
2023-11-01,CLAM-BURG,3,Burger Clamshell
2023-11-01,CUP-12OZ,4,12oz Paper Cup
2023-11-01,CUP-16OZ,5,16oz Paper Cup
2023-11-01,CUP-8OZ,5,8oz Paper Cup
2023-11-01,LID-90,5,90mm Dome Lid
2023-11-01,NAP-33,8,33cm Napkin
2023-11-01,STIR-WD,3,Wooden Stirrer
2023-11-02,BOWL-24,6,24oz Salad Bowl
2023-11-02,CLAM-BURG,2,Burger Clamshell
2023-11-02,CUP-12OZ,5,12oz Paper Cup
2023-11-02,CUP-16OZ,4,16oz Paper Cup
2023-11-02,CUP-8OZ,5,8oz Paper Cup
2023-11-02,LID-90,6,90mm Dome Lid
2023-11-02,NAP-33,8,33cm Napkin
2023-11-03,BOWL-24,9,24oz Salad Bowl
2023-11-03,CLAM-BURG,3,Burger Clamshell
2023-11-03,CUP-12OZ,3,12oz Paper Cup
2023-11-03,CUP-16OZ,2,16oz Paper Cup
2023-11-03,CUP-8OZ,3,8oz Paper Cup
2023-11-03,LID-90,3,90mm Dome Lid
2023-11-03,NAP-33,4,33cm Napkin
2023-11-04,BOWL-24,4,24oz Salad Bowl
2023-11-04,CLAM-BURG,2,Burger Clamshell
2023-11-04,CUP-12OZ,5,12oz Paper Cup
2023-11-04,CUP-16OZ,5,16oz Paper Cup
2023-11-04,CUP-8OZ,5,8oz Paper Cup
2023-11-04,LID-90,6,90mm Dome Lid
2023-11-04,NAP-33,9,33cm Napkin
2023-11-05,BOWL-24,14,24oz Salad Bowl
2023-11-05,CUP-12OZ,5,12oz Paper Cup
2023-11-05,CUP-16OZ,2,16oz Paper Cup
2023-11-05,CUP-8OZ,6,8oz Paper Cup
2023-11-05,LID-90,6,90mm Dome Lid
2023-11-05,NAP-33,8,33cm Napkin
2023-11-06,BOWL-24,8,24oz Salad Bowl
2023-11-06,CLAM-BURG,3,Burger Clamshell
2023-11-06,CUP-12OZ,4,12oz Paper Cup
2023-11-06,CUP-16OZ,4,16oz Paper Cup
2023-11-06,CUP-8OZ,5,8oz Paper Cup
2023-11-06,LID-90,6,90mm Dome Lid
2023-11-06,NAP-33,7,33cm Napkin
2023-11-07,BOWL-24,11,24oz Salad Bowl
2023-11-07,CLAM-BURG,2,Burger Clamshell
2023-11-07,CUP-12OZ,5,12oz Paper Cup
2023-11-07,CUP-16OZ,4,16oz Paper Cup
2023-11-07,CUP-8OZ,5,8oz Paper Cup
2023-11-07,LID-90,5,90mm Dome Lid
2023-11-07,NAP-33,9,33cm Napkin
2023-11-07,STIR-WD,2,Wooden Stirrer
2023-11-08,BOWL-24,7,24oz Salad Bowl
2023-11-08,CLAM-BURG,2,Burger Clamshell
2023-11-08,CUP-12OZ,5,12oz Paper Cup
2023-11-08,CUP-16OZ,5,16oz Paper Cup
2023-11-08,CUP-8OZ,6,8oz Paper Cup
2023-11-08,LID-90,5,90mm Dome Lid
2023-11-08,NAP-33,7,33cm Napkin
2023-11-09,BOWL-24,7,24oz Salad Bowl
2023-11-09,CLAM-BURG,3,Burger Clamshell
2023-11-09,CUP-12OZ,4,12oz Paper Cup
2023-11-09,CUP-16OZ,2,16oz Paper Cup
2023-11-09,CUP-8OZ,5,8oz Paper Cup
2023-11-09,LID-90,6,90mm Dome Lid
2023-11-09,NAP-33,8,33cm Napkin
2023-11-10,BOWL-24,5,24oz Salad Bowl
2023-11-10,CLAM-BURG,2,Burger Clamshell
2023-11-10,CUP-12OZ,2,12oz Paper Cup
2023-11-10,CUP-16OZ,2,16oz Paper Cup
2023-11-10,CUP-8OZ,3,8oz Paper Cup
2023-11-10,LID-90,3,90mm Dome Lid
2023-11-10,NAP-33,4,33cm Napkin
2023-11-11,BOWL-24,13,24oz Salad Bowl
2023-11-11,CLAM-BURG,1,Burger Clamshell
2023-11-11,CUP-12OZ,4,12oz Paper Cup
2023-11-11,CUP-16OZ,5,16oz Paper Cup
2023-11-11,CUP-8OZ,7,8oz Paper Cup
2023-11-11,LID-90,6,90mm Dome Lid
2023-11-11,NAP-33,9,33cm Napkin
2023-11-12,BOWL-24,6,24oz Salad Bowl
2023-11-12,CLAM-BURG,2,Burger Clamshell
2023-11-12,CUP-12OZ,5,12oz Paper Cup
2023-11-12,CUP-16OZ,4,16oz Paper Cup
2023-11-12,CUP-8OZ,6,8oz Paper Cup
2023-11-12,LID-90,7,90mm Dome Lid
2023-11-12,NAP-33,9,33cm Napkin
2023-11-13,BOWL-24,4,24oz Salad Bowl
2023-11-13,CLAM-BURG,1,Burger Clamshell
2023-11-13,CUP-12OZ,4,12oz Paper Cup
2023-11-13,CUP-8OZ,6,8oz Paper Cup
2023-11-13,LID-90,5,90mm Dome Lid
2023-11-13,NAP-33,8,33cm Napkin
2023-11-14,BOWL-24,6,24oz Salad Bowl
2023-11-14,CLAM-BURG,1,Burger Clamshell
2023-11-14,CUP-12OZ,5,12oz Paper Cup
2023-11-14,CUP-16OZ,2,16oz Paper Cup
2023-11-14,CUP-8OZ,6,8oz Paper Cup
2023-11-14,LID-90,5,90mm Dome Lid
2023-11-14,NAP-33,9,33cm Napkin
2023-11-15,BOWL-24,11,24oz Salad Bowl
2023-11-15,CLAM-BURG,1,Burger Clamshell
2023-11-15,CUP-12OZ,5,12oz Paper Cup
2023-11-15,CUP-16OZ,2,16oz Paper Cup
2023-11-15,CUP-8OZ,6,8oz Paper Cup
2023-11-15,LID-90,5,90mm Dome Lid
2023-11-15,NAP-33,7,33cm Napkin
2023-11-16,BOWL-24,6,24oz Salad Bowl
2023-11-16,CLAM-BURG,4,Burger Clamshell
2023-11-16,CUP-12OZ,4,12oz Paper Cup
2023-11-16,CUP-16OZ,3,16oz Paper Cup
2023-11-16,CUP-8OZ,6,8oz Paper Cup
2023-11-16,LID-90,6,90mm Dome Lid
2023-11-16,NAP-33,8,33cm Napkin
2023-11-17,BOWL-24,3,24oz Salad Bowl
2023-11-17,CLAM-BURG,1,Burger Clamshell
2023-11-17,CUP-12OZ,3,12oz Paper Cup
2023-11-17,CUP-16OZ,2,16oz Paper Cup
2023-11-17,CUP-8OZ,3,8oz Paper Cup
2023-11-17,LID-90,3,90mm Dome Lid
2023-11-17,NAP-33,4,33cm Napkin
2023-11-17,STIR-WD,1,Wooden Stirrer
2023-11-18,BOWL-24,8,24oz Salad Bowl
2023-11-18,CLAM-BURG,2,Burger Clamshell
2023-11-18,CUP-12OZ,5,12oz Paper Cup
2023-11-18,CUP-16OZ,5,16oz Paper Cup
2023-11-18,CUP-8OZ,6,8oz Paper Cup
2023-11-18,LID-90,6,90mm Dome Lid
2023-11-18,NAP-33,8,33cm Napkin
2023-11-19,BOWL-24,4,24oz Salad Bowl
2023-11-19,CLAM-BURG,1,Burger Clamshell
2023-11-19,CUP-12OZ,5,12oz Paper Cup
2023-11-19,CUP-16OZ,2,16oz Paper Cup
2023-11-19,CUP-8OZ,6,8oz Paper Cup
2023-11-19,LID-90,6,90mm Dome Lid
2023-11-19,NAP-33,8,33cm Napkin
2023-11-19,STIR-WD,2,Wooden Stirrer
2023-11-20,BOWL-24,16,24oz Salad Bowl
2023-11-20,CLAM-BURG,2,Burger Clamshell
2023-11-20,CUP-12OZ,4,12oz Paper Cup
2023-11-20,CUP-8OZ,6,8oz Paper Cup
2023-11-20,LID-90,5,90mm Dome Lid
2023-11-20,NAP-33,8,33cm Napkin
2023-11-20,STIR-WD,1,Wooden Stirrer
2023-11-21,BOWL-24,6,24oz Salad Bowl
2023-11-21,CLAM-BURG,2,Burger Clamshell
2023-11-21,CUP-12OZ,4,12oz Paper Cup
2023-11-21,CUP-16OZ,6,16oz Paper Cup
2023-11-21,CUP-8OZ,5,8oz Paper Cup
2023-11-21,LID-90,6,90mm Dome Lid
2023-11-21,NAP-33,9,33cm Napkin
2023-11-22,BOWL-24,5,24oz Salad Bowl
2023-11-22,CLAM-BURG,3,Burger Clamshell
2023-11-22,CUP-12OZ,5,12oz Paper Cup
2023-11-22,CUP-16OZ,3,16oz Paper Cup
2023-11-22,CUP-8OZ,4,8oz Paper Cup
2023-11-22,LID-90,5,90mm Dome Lid
2023-11-22,NAP-33,8,33cm Napkin
2023-11-23,BOWL-24,12,24oz Salad Bowl
2023-11-23,CLAM-BURG,2,Burger Clamshell
2023-11-23,CUP-12OZ,5,12oz Paper Cup
2023-11-23,CUP-16OZ,5,16oz Paper Cup
2023-11-23,CUP-8OZ,5,8oz Paper Cup
2023-11-23,LID-90,5,90mm Dome Lid
2023-11-23,NAP-33,7,33cm Napkin
2023-11-24,BOWL-24,6,24oz Salad Bowl
2023-11-24,CLAM-BURG,1,Burger Clamshell
2023-11-24,CUP-12OZ,2,12oz Paper Cup
2023-11-24,CUP-16OZ,1,16oz Paper Cup
2023-11-24,CUP-8OZ,2,8oz Paper Cup
2023-11-24,LID-90,3,90mm Dome Lid
2023-11-24,NAP-33,4,33cm Napkin
2023-11-24,STIR-WD,1,Wooden Stirrer
2023-11-25,BOWL-24,13,24oz Salad Bowl
2023-11-25,CUP-12OZ,5,12oz Paper Cup
2023-11-25,CUP-16OZ,4,16oz Paper Cup
2023-11-25,CUP-8OZ,5,8oz Paper Cup
2023-11-25,LID-90,6,90mm Dome Lid
2023-11-25,NAP-33,8,33cm Napkin
2023-11-26,BOWL-24,10,24oz Salad Bowl
2023-11-26,CLAM-BURG,5,Burger Clamshell
2023-11-26,CUP-12OZ,5,12oz Paper Cup
2023-11-26,CUP-16OZ,3,16oz Paper Cup
2023-11-26,CUP-8OZ,6,8oz Paper Cup
2023-11-26,LID-90,6,90mm Dome Lid
2023-11-26,NAP-33,8,33cm Napkin
2023-11-27,BOWL-24,9,24oz Salad Bowl
2023-11-27,CLAM-BURG,2,Burger Clamshell
2023-11-27,CUP-12OZ,4,12oz Paper Cup
2023-11-27,CUP-16OZ,1,16oz Paper Cup
2023-11-27,CUP-8OZ,6,8oz Paper Cup
2023-11-27,LID-90,6,90mm Dome Lid
2023-11-27,NAP-33,7,33cm Napkin
2023-11-27,STIR-WD,1,Wooden Stirrer
2023-11-28,BOWL-24,11,24oz Salad Bowl
2023-11-28,CLAM-BURG,3,Burger Clamshell
2023-11-28,CUP-12OZ,5,12oz Paper Cup
2023-11-28,CUP-16OZ,3,16oz Paper Cup
2023-11-28,CUP-8OZ,5,8oz Paper Cup
2023-11-28,LID-90,6,90mm Dome Lid
2023-11-28,NAP-33,7,33cm Napkin
2023-11-29,BOWL-24,9,24oz Salad Bowl
2023-11-29,CLAM-BURG,2,Burger Clamshell
2023-11-29,CUP-12OZ,4,12oz Paper Cup
2023-11-29,CUP-16OZ,2,16oz Paper Cup
2023-11-29,CUP-8OZ,5,8oz Paper Cup
2023-11-29,LID-90,5,90mm Dome Lid
2023-11-29,NAP-33,7,33cm Napkin
2023-11-30,BOWL-24,10,24oz Salad Bowl
2023-11-30,CLAM-BURG,3,Burger Clamshell
2023-11-30,CUP-12OZ,5,12oz Paper Cup
2023-11-30,CUP-16OZ,1,16oz Paper Cup
2023-11-30,CUP-8OZ,5,8oz Paper Cup
2023-11-30,LID-90,5,90mm Dome Lid
2023-11-30,NAP-33,8,33cm Napkin
2023-11-30,STIR-WD,2,Wooden Stirrer
2023-12-01,BOWL-24,4,24oz Salad Bowl
2023-12-01,CLAM-BURG,2,Burger Clamshell
2023-12-01,CUP-12OZ,3,12oz Paper Cup
2023-12-01,CUP-8OZ,3,8oz Paper Cup
2023-12-01,LID-90,3,90mm Dome Lid
2023-12-01,NAP-33,4,33cm Napkin
2023-12-02,BOWL-24,10,24oz Salad Bowl
2023-12-02,CLAM-BURG,5,Burger Clamshell
2023-12-02,CUP-12OZ,5,12oz Paper Cup
2023-12-02,CUP-16OZ,1,16oz Paper Cup
2023-12-02,CUP-8OZ,5,8oz Paper Cup
2023-12-02,LID-90,6,90mm Dome Lid
2023-12-02,NAP-33,8,33cm Napkin
2023-12-03,BOWL-24,9,24oz Salad Bowl
2023-12-03,CARR-4CUP,2,4-Cup Carrier
2023-12-03,CLAM-BURG,4,Burger Clamshell
2023-12-03,CUP-12OZ,5,12oz Paper Cup
2023-12-03,CUP-16OZ,5,16oz Paper Cup
2023-12-03,CUP-8OZ,5,8oz Paper Cup
2023-12-03,LID-90,5,90mm Dome Lid
2023-12-03,NAP-33,9,33cm Napkin
2023-12-03,STIR-WD,2,Wooden Stirrer
2023-12-04,BOWL-24,14,24oz Salad Bowl
2023-12-04,CLAM-BURG,4,Burger Clamshell
2023-12-04,CUP-12OZ,5,12oz Paper Cup
2023-12-04,CUP-16OZ,4,16oz Paper Cup
2023-12-04,CUP-8OZ,5,8oz Paper Cup
2023-12-04,LID-90,6,90mm Dome Lid
2023-12-04,NAP-33,7,33cm Napkin
2023-12-05,BOWL-24,13,24oz Salad Bowl
2023-12-05,CLAM-BURG,3,Burger Clamshell
2023-12-05,CUP-12OZ,5,12oz Paper Cup
2023-12-05,CUP-16OZ,3,16oz Paper Cup
2023-12-05,CUP-8OZ,5,8oz Paper Cup
2023-12-05,LID-90,5,90mm Dome Lid
2023-12-05,NAP-33,7,33cm Napkin
2023-12-06,BOWL-24,12,24oz Salad Bowl
2023-12-06,CLAM-BURG,4,Burger Clamshell
2023-12-06,CUP-12OZ,5,12oz Paper Cup
2023-12-06,CUP-16OZ,3,16oz Paper Cup
2023-12-06,CUP-8OZ,5,8oz Paper Cup
2023-12-06,LID-90,5,90mm Dome Lid
2023-12-06,NAP-33,8,33cm Napkin
2023-12-07,BOWL-24,6,24oz Salad Bowl
2023-12-07,CLAM-BURG,3,Burger Clamshell
2023-12-07,CUP-12OZ,5,12oz Paper Cup
2023-12-07,CUP-16OZ,5,16oz Paper Cup
2023-12-07,CUP-8OZ,5,8oz Paper Cup
2023-12-07,LID-90,6,90mm Dome Lid
2023-12-07,NAP-33,7,33cm Napkin
2023-12-08,BOWL-24,5,24oz Salad Bowl
2023-12-08,CARR-4CUP,1,4-Cup Carrier
2023-12-08,CLAM-BURG,2,Burger Clamshell
2023-12-08,CUP-12OZ,3,12oz Paper Cup
2023-12-08,CUP-16OZ,3,16oz Paper Cup
2023-12-08,CUP-8OZ,3,8oz Paper Cup
2023-12-08,LID-90,3,90mm Dome Lid
2023-12-08,NAP-33,4,33cm Napkin
2023-12-08,STIR-WD,1,Wooden Stirrer
2023-12-09,BOWL-24,10,24oz Salad Bowl
2023-12-09,CLAM-BURG,3,Burger Clamshell
2023-12-09,CUP-12OZ,5,12oz Paper Cup
2023-12-09,CUP-16OZ,4,16oz Paper Cup
2023-12-09,CUP-8OZ,6,8oz Paper Cup
2023-12-09,LID-90,6,90mm Dome Lid
2023-12-09,NAP-33,9,33cm Napkin
2023-12-10,BOWL-24,5,24oz Salad Bowl
2023-12-10,CLAM-BURG,3,Burger Clamshell
2023-12-10,CUP-12OZ,6,12oz Paper Cup
2023-12-10,CUP-16OZ,3,16oz Paper Cup
2023-12-10,CUP-8OZ,6,8oz Paper Cup
2023-12-10,LID-90,6,90mm Dome Lid
2023-12-10,NAP-33,9,33cm Napkin
2023-12-11,BOWL-24,8,24oz Salad Bowl
2023-12-11,CLAM-BURG,5,Burger Clamshell
2023-12-11,CUP-12OZ,5,12oz Paper Cup
2023-12-11,CUP-16OZ,6,16oz Paper Cup
2023-12-11,CUP-8OZ,6,8oz Paper Cup
2023-12-11,LID-90,6,90mm Dome Lid
2023-12-11,NAP-33,6,33cm Napkin
2023-12-12,BOWL-24,8,24oz Salad Bowl
2023-12-12,CARR-4CUP,1,4-Cup Carrier
2023-12-12,CLAM-BURG,2,Burger Clamshell
2023-12-12,CUP-12OZ,5,12oz Paper Cup
2023-12-12,CUP-16OZ,4,16oz Paper Cup
2023-12-12,CUP-8OZ,4,8oz Paper Cup
2023-12-12,LID-90,5,90mm Dome Lid
2023-12-12,NAP-33,8,33cm Napkin
2023-12-13,BOWL-24,12,24oz Salad Bowl
2023-12-13,CLAM-BURG,1,Burger Clamshell
2023-12-13,CUP-12OZ,5,12oz Paper Cup
2023-12-13,CUP-16OZ,3,16oz Paper Cup
2023-12-13,CUP-8OZ,5,8oz Paper Cup
2023-12-13,LID-90,6,90mm Dome Lid
2023-12-13,NAP-33,6,33cm Napkin
2023-12-14,BOWL-24,15,24oz Salad Bowl
2023-12-14,CLAM-BURG,3,Burger Clamshell
2023-12-14,CUP-12OZ,4,12oz Paper Cup
2023-12-14,CUP-16OZ,2,16oz Paper Cup
2023-12-14,CUP-8OZ,5,8oz Paper Cup
2023-12-14,LID-90,6,90mm Dome Lid
2023-12-14,NAP-33,8,33cm Napkin
2023-12-15,BOWL-24,2,24oz Salad Bowl
2023-12-15,CLAM-BURG,1,Burger Clamshell
2023-12-15,CUP-12OZ,2,12oz Paper Cup
2023-12-15,CUP-16OZ,1,16oz Paper Cup
2023-12-15,CUP-8OZ,3,8oz Paper Cup
2023-12-15,LID-90,3,90mm Dome Lid
2023-12-15,NAP-33,4,33cm Napkin
2023-12-16,BOWL-24,9,24oz Salad Bowl
2023-12-16,CLAM-BURG,3,Burger Clamshell
2023-12-16,CUP-12OZ,5,12oz Paper Cup
2023-12-16,CUP-16OZ,2,16oz Paper Cup
2023-12-16,CUP-8OZ,7,8oz Paper Cup
2023-12-16,LID-90,7,90mm Dome Lid
2023-12-16,NAP-33,9,33cm Napkin
2023-12-17,BOWL-24,8,24oz Salad Bowl
2023-12-17,CARR-4CUP,2,4-Cup Carrier
2023-12-17,CLAM-BURG,2,Burger Clamshell
2023-12-17,CUP-12OZ,5,12oz Paper Cup
2023-12-17,CUP-16OZ,4,16oz Paper Cup
2023-12-17,CUP-8OZ,5,8oz Paper Cup
2023-12-17,LID-90,6,90mm Dome Lid
2023-12-17,NAP-33,8,33cm Napkin
2023-12-18,BOWL-24,7,24oz Salad Bowl
2023-12-18,CLAM-BURG,4,Burger Clamshell
2023-12-18,CUP-12OZ,4,12oz Paper Cup
2023-12-18,CUP-16OZ,3,16oz Paper Cup
2023-12-18,CUP-8OZ,5,8oz Paper Cup
2023-12-18,LID-90,5,90mm Dome Lid
2023-12-18,NAP-33,8,33cm Napkin
2023-12-19,BOWL-24,12,24oz Salad Bowl
2023-12-19,CLAM-BURG,3,Burger Clamshell
2023-12-19,CUP-12OZ,5,12oz Paper Cup
2023-12-19,CUP-16OZ,5,16oz Paper Cup
2023-12-19,CUP-8OZ,7,8oz Paper Cup
2023-12-19,LID-90,6,90mm Dome Lid
2023-12-19,NAP-33,7,33cm Napkin
2023-12-19,STIR-WD,2,Wooden Stirrer
2023-12-20,BOWL-24,14,24oz Salad Bowl
2023-12-20,CLAM-BURG,2,Burger Clamshell
2023-12-20,CUP-12OZ,5,12oz Paper Cup
2023-12-20,CUP-16OZ,4,16oz Paper Cup
2023-12-20,CUP-8OZ,6,8oz Paper Cup
2023-12-20,LID-90,5,90mm Dome Lid
2023-12-20,NAP-33,7,33cm Napkin
2023-12-21,BOWL-24,6,24oz Salad Bowl
2023-12-21,CARR-4CUP,2,4-Cup Carrier
2023-12-21,CLAM-BURG,2,Burger Clamshell
2023-12-21,CUP-12OZ,5,12oz Paper Cup
2023-12-21,CUP-16OZ,6,16oz Paper Cup
2023-12-21,CUP-8OZ,5,8oz Paper Cup
2023-12-21,LID-90,6,90mm Dome Lid
2023-12-21,NAP-33,7,33cm Napkin
2023-12-22,BOWL-24,3,24oz Salad Bowl
2023-12-22,CARR-4CUP,1,4-Cup Carrier
2023-12-22,CLAM-BURG,1,Burger Clamshell
2023-12-22,CUP-12OZ,3,12oz Paper Cup
2023-12-22,CUP-16OZ,2,16oz Paper Cup
2023-12-22,CUP-8OZ,3,8oz Paper Cup
2023-12-22,LID-90,3,90mm Dome Lid
2023-12-22,NAP-33,4,33cm Napkin
2023-12-23,BOWL-24,11,24oz Salad Bowl
2023-12-23,CLAM-BURG,1,Burger Clamshell
2023-12-23,CUP-12OZ,4,12oz Paper Cup
2023-12-23,CUP-16OZ,2,16oz Paper Cup
2023-12-23,CUP-8OZ,6,8oz Paper Cup
2023-12-23,LID-90,6,90mm Dome Lid
2023-12-23,NAP-33,8,33cm Napkin
2023-12-24,BOWL-24,7,24oz Salad Bowl
2023-12-24,CARR-4CUP,1,4-Cup Carrier
2023-12-24,CLAM-BURG,2,Burger Clamshell
2023-12-24,CUP-12OZ,6,12oz Paper Cup
2023-12-24,CUP-16OZ,4,16oz Paper Cup
2023-12-24,CUP-8OZ,5,8oz Paper Cup
2023-12-24,LID-90,6,90mm Dome Lid
2023-12-24,NAP-33,9,33cm Napkin
2023-12-25,BOWL-24,2,24oz Salad Bowl
2023-12-25,CARR-4CUP,2,4-Cup Carrier
2023-12-25,CLAM-BURG,2,Burger Clamshell
2023-12-25,CUP-12OZ,4,12oz Paper Cup
2023-12-25,CUP-16OZ,3,16oz Paper Cup
2023-12-25,CUP-8OZ,5,8oz Paper Cup
2023-12-25,LID-90,5,90mm Dome Lid
2023-12-25,NAP-33,8,33cm Napkin
2023-12-26,BOWL-24,10,24oz Salad Bowl
2023-12-26,CLAM-BURG,2,Burger Clamshell
2023-12-26,CUP-12OZ,4,12oz Paper Cup
2023-12-26,CUP-16OZ,3,16oz Paper Cup
2023-12-26,CUP-8OZ,5,8oz Paper Cup
2023-12-26,LID-90,5,90mm Dome Lid
2023-12-26,NAP-33,8,33cm Napkin
2023-12-27,BOWL-24,10,24oz Salad Bowl
2023-12-27,CARR-4CUP,2,4-Cup Carrier
2023-12-27,CLAM-BURG,4,Burger Clamshell
2023-12-27,CUP-12OZ,4,12oz Paper Cup
2023-12-27,CUP-16OZ,3,16oz Paper Cup
2023-12-27,CUP-8OZ,6,8oz Paper Cup
2023-12-27,LID-90,6,90mm Dome Lid
2023-12-27,NAP-33,8,33cm Napkin
2023-12-28,BOWL-24,6,24oz Salad Bowl
2023-12-28,CLAM-BURG,2,Burger Clamshell
2023-12-28,CUP-12OZ,5,12oz Paper Cup
2023-12-28,CUP-16OZ,2,16oz Paper Cup
2023-12-28,CUP-8OZ,6,8oz Paper Cup
2023-12-28,LID-90,5,90mm Dome Lid
2023-12-28,NAP-33,8,33cm Napkin
2023-12-29,BOWL-24,6,24oz Salad Bowl
2023-12-29,CLAM-BURG,1,Burger Clamshell
2023-12-29,CUP-12OZ,3,12oz Paper Cup
2023-12-29,CUP-16OZ,1,16oz Paper Cup
2023-12-29,CUP-8OZ,2,8oz Paper Cup
2023-12-29,LID-90,3,90mm Dome Lid
2023-12-29,NAP-33,4,33cm Napkin
2023-12-30,BOWL-24,9,24oz Salad Bowl
2023-12-30,CLAM-BURG,5,Burger Clamshell
2023-12-30,CUP-12OZ,5,12oz Paper Cup
2023-12-30,CUP-16OZ,3,16oz Paper Cup
2023-12-30,CUP-8OZ,7,8oz Paper Cup
2023-12-30,LID-90,6,90mm Dome Lid
2023-12-30,NAP-33,9,33cm Napkin
2023-12-31,BOWL-24,9,24oz Salad Bowl
2023-12-31,CLAM-BURG,3,Burger Clamshell
2023-12-31,CUP-12OZ,5,12oz Paper Cup
2023-12-31,CUP-16OZ,2,16oz Paper Cup
2023-12-31,CUP-8OZ,6,8oz Paper Cup
2023-12-31,LID-90,6,90mm Dome Lid
2023-12-31,NAP-33,9,33cm Napkin
2024-01-01,BOWL-24,12,24oz Salad Bowl
2024-01-01,CLAM-BURG,3,Burger Clamshell
2024-01-01,CUP-12OZ,4,12oz Paper Cup
2024-01-01,CUP-16OZ,5,16oz Paper Cup
2024-01-01,CUP-8OZ,5,8oz Paper Cup
2024-01-01,LID-90,5,90mm Dome Lid
2024-01-01,NAP-33,7,33cm Napkin
2024-01-02,BOWL-24,4,24oz Salad Bowl
2024-01-02,CLAM-BURG,2,Burger Clamshell
2024-01-02,CUP-12OZ,5,12oz Paper Cup
2024-01-02,CUP-16OZ,2,16oz Paper Cup
2024-01-02,CUP-8OZ,5,8oz Paper Cup
2024-01-02,LID-90,5,90mm Dome Lid
2024-01-02,NAP-33,8,33cm Napkin
2024-01-03,BOWL-24,6,24oz Salad Bowl
2024-01-03,CLAM-BURG,2,Burger Clamshell
2024-01-03,CUP-12OZ,4,12oz Paper Cup
2024-01-03,CUP-16OZ,3,16oz Paper Cup
2024-01-03,CUP-8OZ,5,8oz Paper Cup
2024-01-03,LID-90,6,90mm Dome Lid
2024-01-03,NAP-33,7,33cm Napkin
2024-01-04,BOWL-24,2,24oz Salad Bowl
2024-01-04,CLAM-BURG,3,Burger Clamshell
2024-01-04,CUP-12OZ,4,12oz Paper Cup
2024-01-04,CUP-16OZ,4,16oz Paper Cup
2024-01-04,CUP-8OZ,5,8oz Paper Cup
2024-01-04,LID-90,6,90mm Dome Lid
2024-01-04,NAP-33,8,33cm Napkin
2024-01-05,BOWL-24,5,24oz Salad Bowl
2024-01-05,CLAM-BURG,2,Burger Clamshell
2024-01-05,CUP-12OZ,3,12oz Paper Cup
2024-01-05,CUP-16OZ,1,16oz Paper Cup
2024-01-05,CUP-8OZ,3,8oz Paper Cup
2024-01-05,LID-90,3,90mm Dome Lid
2024-01-05,NAP-33,4,33cm Napkin
2024-01-06,BOWL-24,9,24oz Salad Bowl
2024-01-06,CLAM-BURG,3,Burger Clamshell
2024-01-06,CUP-12OZ,6,12oz Paper Cup
2024-01-06,CUP-16OZ,4,16oz Paper Cup
2024-01-06,CUP-8OZ,6,8oz Paper Cup
2024-01-06,LID-90,7,90mm Dome Lid
2024-01-06,NAP-33,7,33cm Napkin
2024-01-07,BOWL-24,13,24oz Salad Bowl
2024-01-07,CLAM-BURG,5,Burger Clamshell
2024-01-07,CUP-12OZ,6,12oz Paper Cup
2024-01-07,CUP-16OZ,4,16oz Paper Cup
2024-01-07,CUP-8OZ,6,8oz Paper Cup
2024-01-07,LID-90,7,90mm Dome Lid
2024-01-07,NAP-33,8,33cm Napkin
2024-01-08,BOWL-24,5,24oz Salad Bowl
2024-01-08,CLAM-BURG,1,Burger Clamshell
2024-01-08,CUP-12OZ,4,12oz Paper Cup
2024-01-08,CUP-16OZ,1,16oz Paper Cup
2024-01-08,CUP-8OZ,5,8oz Paper Cup
2024-01-08,LID-90,6,90mm Dome Lid
2024-01-08,NAP-33,8,33cm Napkin
2024-01-09,BOWL-24,2,24oz Salad Bowl
2024-01-09,CLAM-BURG,4,Burger Clamshell
2024-01-09,CUP-12OZ,5,12oz Paper Cup
2024-01-09,CUP-16OZ,3,16oz Paper Cup
2024-01-09,CUP-8OZ,6,8oz Paper Cup
2024-01-09,LID-90,5,90mm Dome Lid
2024-01-09,NAP-33,6,33cm Napkin
2024-01-10,BOWL-24,8,24oz Salad Bowl
2024-01-10,CLAM-BURG,3,Burger Clamshell
2024-01-10,CUP-12OZ,4,12oz Paper Cup
2024-01-10,CUP-16OZ,3,16oz Paper Cup
2024-01-10,CUP-8OZ,5,8oz Paper Cup
2024-01-10,LID-90,5,90mm Dome Lid
2024-01-10,NAP-33,8,33cm Napkin
2024-01-11,BOWL-24,11,24oz Salad Bowl
2024-01-11,CLAM-BURG,4,Burger Clamshell
2024-01-11,CUP-12OZ,5,12oz Paper Cup
2024-01-11,CUP-16OZ,4,16oz Paper Cup
2024-01-11,CUP-8OZ,5,8oz Paper Cup
2024-01-11,LID-90,6,90mm Dome Lid
2024-01-11,NAP-33,8,33cm Napkin
2024-01-12,BOWL-24,3,24oz Salad Bowl
2024-01-12,CUP-12OZ,2,12oz Paper Cup
2024-01-12,CUP-16OZ,1,16oz Paper Cup
2024-01-12,CUP-8OZ,3,8oz Paper Cup
2024-01-12,LID-90,3,90mm Dome Lid
2024-01-12,NAP-33,4,33cm Napkin
2024-01-13,BOWL-24,10,24oz Salad Bowl
2024-01-13,CLAM-BURG,4,Burger Clamshell
2024-01-13,CUP-12OZ,5,12oz Paper Cup
2024-01-13,CUP-16OZ,3,16oz Paper Cup
2024-01-13,CUP-8OZ,7,8oz Paper Cup
2024-01-13,LID-90,6,90mm Dome Lid
2024-01-13,NAP-33,9,33cm Napkin
2024-01-14,CLAM-BURG,3,Burger Clamshell
2024-01-14,CUP-12OZ,5,12oz Paper Cup
2024-01-14,CUP-16OZ,2,16oz Paper Cup
2024-01-14,CUP-8OZ,6,8oz Paper Cup
2024-01-14,LID-90,7,90mm Dome Lid
2024-01-14,NAP-33,9,33cm Napkin
2024-01-15,BOWL-24,7,24oz Salad Bowl
2024-01-15,CLAM-BURG,2,Burger Clamshell
2024-01-15,CUP-12OZ,5,12oz Paper Cup
2024-01-15,CUP-16OZ,3,16oz Paper Cup
2024-01-15,CUP-8OZ,5,8oz Paper Cup
2024-01-15,LID-90,6,90mm Dome Lid
2024-01-15,NAP-33,8,33cm Napkin
2024-01-16,BOWL-24,9,24oz Salad Bowl
2024-01-16,CLAM-BURG,4,Burger Clamshell
2024-01-16,CUP-12OZ,4,12oz Paper Cup
2024-01-16,CUP-16OZ,4,16oz Paper Cup
2024-01-16,CUP-8OZ,5,8oz Paper Cup
2024-01-16,LID-90,6,90mm Dome Lid
2024-01-16,NAP-33,8,33cm Napkin
2024-01-17,BOWL-24,15,24oz Salad Bowl
2024-01-17,CLAM-BURG,3,Burger Clamshell
2024-01-17,CUP-12OZ,4,12oz Paper Cup
2024-01-17,CUP-16OZ,3,16oz Paper Cup
2024-01-17,CUP-8OZ,6,8oz Paper Cup
2024-01-17,LID-90,6,90mm Dome Lid
2024-01-17,NAP-33,8,33cm Napkin
2024-01-18,BOWL-24,11,24oz Salad Bowl
2024-01-18,CLAM-BURG,2,Burger Clamshell
2024-01-18,CUP-12OZ,4,12oz Paper Cup
2024-01-18,CUP-16OZ,3,16oz Paper Cup
2024-01-18,CUP-8OZ,5,8oz Paper Cup
2024-01-18,LID-90,6,90mm Dome Lid
2024-01-18,NAP-33,8,33cm Napkin
2024-01-19,BOWL-24,3,24oz Salad Bowl
2024-01-19,CLAM-BURG,2,Burger Clamshell
2024-01-19,CUP-12OZ,3,12oz Paper Cup
2024-01-19,CUP-16OZ,2,16oz Paper Cup
2024-01-19,CUP-8OZ,3,8oz Paper Cup
2024-01-19,LID-90,3,90mm Dome Lid
2024-01-19,NAP-33,4,33cm Napkin
2024-01-20,BOWL-24,8,24oz Salad Bowl
2024-01-20,CLAM-BURG,3,Burger Clamshell
2024-01-20,CUP-12OZ,5,12oz Paper Cup
2024-01-20,CUP-16OZ,2,16oz Paper Cup
2024-01-20,CUP-8OZ,6,8oz Paper Cup
2024-01-20,LID-90,6,90mm Dome Lid
2024-01-20,NAP-33,9,33cm Napkin
2024-01-21,BOWL-24,11,24oz Salad Bowl
2024-01-21,CLAM-BURG,2,Burger Clamshell
2024-01-21,CUP-12OZ,5,12oz Paper Cup
2024-01-21,CUP-16OZ,6,16oz Paper Cup
2024-01-21,CUP-8OZ,6,8oz Paper Cup
2024-01-21,LID-90,7,90mm Dome Lid
2024-01-21,NAP-33,10,33cm Napkin
2024-01-22,BOWL-24,2,24oz Salad Bowl
2024-01-22,CLAM-BURG,2,Burger Clamshell
2024-01-22,CUP-12OZ,4,12oz Paper Cup
2024-01-22,CUP-16OZ,2,16oz Paper Cup
2024-01-22,CUP-8OZ,5,8oz Paper Cup
2024-01-22,LID-90,5,90mm Dome Lid
2024-01-22,NAP-33,8,33cm Napkin
2024-01-23,BOWL-24,6,24oz Salad Bowl
2024-01-23,CLAM-BURG,2,Burger Clamshell
2024-01-23,CUP-12OZ,4,12oz Paper Cup
2024-01-23,CUP-16OZ,1,16oz Paper Cup
2024-01-23,CUP-8OZ,5,8oz Paper Cup
2024-01-23,LID-90,6,90mm Dome Lid
2024-01-23,NAP-33,8,33cm Napkin
2024-01-24,BOWL-24,6,24oz Salad Bowl
2024-01-24,CLAM-BURG,3,Burger Clamshell
2024-01-24,CUP-12OZ,4,12oz Paper Cup
2024-01-24,CUP-16OZ,3,16oz Paper Cup
2024-01-24,CUP-8OZ,5,8oz Paper Cup
2024-01-24,LID-90,5,90mm Dome Lid
2024-01-24,NAP-33,8,33cm Napkin
2024-01-25,BOWL-24,10,24oz Salad Bowl
2024-01-25,CLAM-BURG,2,Burger Clamshell
2024-01-25,CUP-12OZ,4,12oz Paper Cup
2024-01-25,CUP-16OZ,3,16oz Paper Cup
2024-01-25,CUP-8OZ,5,8oz Paper Cup
2024-01-25,LID-90,5,90mm Dome Lid
2024-01-25,NAP-33,8,33cm Napkin
2024-01-26,BOWL-24,5,24oz Salad Bowl
2024-01-26,CLAM-BURG,2,Burger Clamshell
2024-01-26,CUP-12OZ,3,12oz Paper Cup
2024-01-26,CUP-16OZ,2,16oz Paper Cup
2024-01-26,CUP-8OZ,3,8oz Paper Cup
2024-01-26,LID-90,3,90mm Dome Lid
2024-01-26,NAP-33,5,33cm Napkin
2024-01-27,BOWL-24,7,24oz Salad Bowl
2024-01-27,CLAM-BURG,2,Burger Clamshell
2024-01-27,CUP-12OZ,5,12oz Paper Cup
2024-01-27,CUP-16OZ,2,16oz Paper Cup
2024-01-27,CUP-8OZ,7,8oz Paper Cup
2024-01-27,LID-90,7,90mm Dome Lid
2024-01-27,NAP-33,8,33cm Napkin
2024-01-28,BOWL-24,3,24oz Salad Bowl
2024-01-28,CLAM-BURG,2,Burger Clamshell
2024-01-28,CUP-12OZ,5,12oz Paper Cup
2024-01-28,CUP-16OZ,4,16oz Paper Cup
2024-01-28,CUP-8OZ,5,8oz Paper Cup
2024-01-28,LID-90,6,90mm Dome Lid
2024-01-28,NAP-33,8,33cm Napkin
2024-01-29,BOWL-24,6,24oz Salad Bowl
2024-01-29,CLAM-BURG,4,Burger Clamshell
2024-01-29,CUP-12OZ,5,12oz Paper Cup
2024-01-29,CUP-16OZ,5,16oz Paper Cup
2024-01-29,CUP-8OZ,6,8oz Paper Cup
2024-01-29,LID-90,5,90mm Dome Lid
2024-01-29,NAP-33,7,33cm Napkin
2024-01-30,BOWL-24,5,24oz Salad Bowl
2024-01-30,CLAM-BURG,1,Burger Clamshell
2024-01-30,CUP-12OZ,4,12oz Paper Cup
2024-01-30,CUP-16OZ,4,16oz Paper Cup
2024-01-30,CUP-8OZ,5,8oz Paper Cup
2024-01-30,LID-90,5,90mm Dome Lid
2024-01-30,NAP-33,9,33cm Napkin
2024-01-31,BOWL-24,8,24oz Salad Bowl
2024-01-31,CLAM-BURG,3,Burger Clamshell
2024-01-31,CUP-12OZ,5,12oz Paper Cup
2024-01-31,CUP-16OZ,3,16oz Paper Cup
2024-01-31,CUP-8OZ,6,8oz Paper Cup
2024-01-31,LID-90,5,90mm Dome Lid
2024-01-31,NAP-33,7,33cm Napkin
2024-02-01,BOWL-24,6,24oz Salad Bowl
2024-02-01,CUP-12OZ,5,12oz Paper Cup
2024-02-01,CUP-16OZ,1,16oz Paper Cup
2024-02-01,CUP-8OZ,6,8oz Paper Cup
2024-02-01,LID-90,6,90mm Dome Lid
2024-02-01,NAP-33,7,33cm Napkin
2024-02-02,BOWL-24,3,24oz Salad Bowl
2024-02-02,CLAM-BURG,1,Burger Clamshell
2024-02-02,CUP-12OZ,2,12oz Paper Cup
2024-02-02,CUP-16OZ,3,16oz Paper Cup
2024-02-02,CUP-8OZ,3,8oz Paper Cup
2024-02-02,LID-90,3,90mm Dome Lid
2024-02-02,NAP-33,4,33cm Napkin
2024-02-02,SLEEVE-12,14,12oz Cup Sleeve
2024-02-02,STIR-WD,1,Wooden Stirrer
2024-02-03,BOWL-24,6,24oz Salad Bowl
2024-02-03,CLAM-BURG,3,Burger Clamshell
2024-02-03,CUP-12OZ,5,12oz Paper Cup
2024-02-03,CUP-16OZ,5,16oz Paper Cup
2024-02-03,CUP-8OZ,5,8oz Paper Cup
2024-02-03,LID-90,6,90mm Dome Lid
2024-02-03,NAP-33,9,33cm Napkin
2024-02-04,BOWL-24,3,24oz Salad Bowl
2024-02-04,CLAM-BURG,3,Burger Clamshell
2024-02-04,CUP-12OZ,6,12oz Paper Cup
2024-02-04,CUP-16OZ,3,16oz Paper Cup
2024-02-04,CUP-8OZ,5,8oz Paper Cup
2024-02-04,LID-90,6,90mm Dome Lid
2024-02-04,NAP-33,9,33cm Napkin
2024-02-05,BOWL-24,10,24oz Salad Bowl
2024-02-05,CLAM-BURG,3,Burger Clamshell
2024-02-05,CUP-12OZ,5,12oz Paper Cup
2024-02-05,CUP-16OZ,5,16oz Paper Cup
2024-02-05,CUP-8OZ,4,8oz Paper Cup
2024-02-05,LID-90,5,90mm Dome Lid
2024-02-05,NAP-33,6,33cm Napkin
2024-02-05,STIR-WD,1,Wooden Stirrer
2024-02-06,BOWL-24,3,24oz Salad Bowl
2024-02-06,CLAM-BURG,3,Burger Clamshell
2024-02-06,CUP-12OZ,5,12oz Paper Cup
2024-02-06,CUP-16OZ,5,16oz Paper Cup
2024-02-06,CUP-8OZ,5,8oz Paper Cup
2024-02-06,LID-90,5,90mm Dome Lid
2024-02-06,NAP-33,8,33cm Napkin
2024-02-07,BOWL-24,10,24oz Salad Bowl
2024-02-07,CLAM-BURG,5,Burger Clamshell
2024-02-07,CUP-12OZ,5,12oz Paper Cup
2024-02-07,CUP-16OZ,3,16oz Paper Cup
2024-02-07,CUP-8OZ,5,8oz Paper Cup
2024-02-07,LID-90,5,90mm Dome Lid
2024-02-07,NAP-33,9,33cm Napkin
2024-02-08,BOWL-24,10,24oz Salad Bowl
2024-02-08,CLAM-BURG,3,Burger Clamshell
2024-02-08,CUP-12OZ,5,12oz Paper Cup
2024-02-08,CUP-16OZ,2,16oz Paper Cup
2024-02-08,CUP-8OZ,5,8oz Paper Cup
2024-02-08,LID-90,6,90mm Dome Lid
2024-02-08,NAP-33,8,33cm Napkin
2024-02-09,BOWL-24,3,24oz Salad Bowl
2024-02-09,CLAM-BURG,2,Burger Clamshell
2024-02-09,CUP-12OZ,2,12oz Paper Cup
2024-02-09,CUP-16OZ,2,16oz Paper Cup
2024-02-09,CUP-8OZ,3,8oz Paper Cup
2024-02-09,LID-90,3,90mm Dome Lid
2024-02-09,NAP-33,4,33cm Napkin
2024-02-10,BOWL-24,4,24oz Salad Bowl
2024-02-10,CLAM-BURG,3,Burger Clamshell
2024-02-10,CUP-12OZ,5,12oz Paper Cup
2024-02-10,CUP-16OZ,2,16oz Paper Cup
2024-02-10,CUP-8OZ,7,8oz Paper Cup
2024-02-10,LID-90,6,90mm Dome Lid
2024-02-10,NAP-33,11,33cm Napkin
2024-02-11,BOWL-24,12,24oz Salad Bowl
2024-02-11,CLAM-BURG,4,Burger Clamshell
2024-02-11,CUP-12OZ,5,12oz Paper Cup
2024-02-11,CUP-16OZ,3,16oz Paper Cup
2024-02-11,CUP-8OZ,6,8oz Paper Cup
2024-02-11,LID-90,7,90mm Dome Lid
2024-02-11,NAP-33,8,33cm Napkin
2024-02-12,BOWL-24,6,24oz Salad Bowl
2024-02-12,CLAM-BURG,4,Burger Clamshell
2024-02-12,CUP-12OZ,4,12oz Paper Cup
2024-02-12,CUP-16OZ,5,16oz Paper Cup
2024-02-12,CUP-8OZ,4,8oz Paper Cup
2024-02-12,LID-90,6,90mm Dome Lid
2024-02-12,NAP-33,7,33cm Napkin
2024-02-12,SLEEVE-12,21,12oz Cup Sleeve
2024-02-13,BOWL-24,9,24oz Salad Bowl
2024-02-13,CLAM-BURG,3,Burger Clamshell
2024-02-13,CUP-12OZ,4,12oz Paper Cup
2024-02-13,CUP-16OZ,3,16oz Paper Cup
2024-02-13,CUP-8OZ,5,8oz Paper Cup
2024-02-13,LID-90,5,90mm Dome Lid
2024-02-13,NAP-33,8,33cm Napkin
2024-02-13,SLEEVE-12,25,12oz Cup Sleeve
2024-02-14,BOWL-24,9,24oz Salad Bowl
2024-02-14,CLAM-BURG,3,Burger Clamshell
2024-02-14,CUP-12OZ,4,12oz Paper Cup
2024-02-14,CUP-16OZ,2,16oz Paper Cup
2024-02-14,CUP-8OZ,6,8oz Paper Cup
2024-02-14,LID-90,5,90mm Dome Lid
2024-02-14,NAP-33,9,33cm Napkin
2024-02-14,SLEEVE-12,29,12oz Cup Sleeve
2024-02-15,BOWL-24,12,24oz Salad Bowl
2024-02-15,CLAM-BURG,3,Burger Clamshell
2024-02-15,CUP-12OZ,5,12oz Paper Cup
2024-02-15,CUP-16OZ,3,16oz Paper Cup
2024-02-15,CUP-8OZ,6,8oz Paper Cup
2024-02-15,LID-90,6,90mm Dome Lid
2024-02-15,NAP-33,8,33cm Napkin
2024-02-16,BOWL-24,5,24oz Salad Bowl
2024-02-16,CLAM-BURG,2,Burger Clamshell
2024-02-16,CUP-12OZ,3,12oz Paper Cup
2024-02-16,CUP-16OZ,2,16oz Paper Cup
2024-02-16,CUP-8OZ,3,8oz Paper Cup
2024-02-16,LID-90,3,90mm Dome Lid
2024-02-16,NAP-33,4,33cm Napkin
2024-02-16,STIR-WD,1,Wooden Stirrer
2024-02-17,BOWL-24,9,24oz Salad Bowl
2024-02-17,CLAM-BURG,4,Burger Clamshell
2024-02-17,CUP-12OZ,5,12oz Paper Cup
2024-02-17,CUP-16OZ,2,16oz Paper Cup
2024-02-17,CUP-8OZ,7,8oz Paper Cup
2024-02-17,LID-90,7,90mm Dome Lid
2024-02-17,NAP-33,8,33cm Napkin
2024-02-17,STIR-WD,1,Wooden Stirrer
2024-02-18,BOWL-24,10,24oz Salad Bowl
2024-02-18,CLAM-BURG,4,Burger Clamshell
2024-02-18,CUP-12OZ,4,12oz Paper Cup
2024-02-18,CUP-16OZ,4,16oz Paper Cup
2024-02-18,CUP-8OZ,6,8oz Paper Cup
2024-02-18,LID-90,5,90mm Dome Lid
2024-02-18,NAP-33,8,33cm Napkin
2024-02-19,BOWL-24,9,24oz Salad Bowl
2024-02-19,CUP-12OZ,5,12oz Paper Cup
2024-02-19,CUP-16OZ,6,16oz Paper Cup
2024-02-19,CUP-8OZ,6,8oz Paper Cup
2024-02-19,LID-90,5,90mm Dome Lid
2024-02-19,NAP-33,8,33cm Napkin
2024-02-19,SLEEVE-12,12,12oz Cup Sleeve
2024-02-20,BOWL-24,7,24oz Salad Bowl
2024-02-20,CLAM-BURG,3,Burger Clamshell
2024-02-20,CUP-12OZ,4,12oz Paper Cup
2024-02-20,CUP-16OZ,4,16oz Paper Cup
2024-02-20,CUP-8OZ,6,8oz Paper Cup
2024-02-20,LID-90,6,90mm Dome Lid
2024-02-20,NAP-33,7,33cm Napkin
2024-02-21,BOWL-24,5,24oz Salad Bowl
2024-02-21,CLAM-BURG,1,Burger Clamshell
2024-02-21,CUP-12OZ,4,12oz Paper Cup
2024-02-21,CUP-16OZ,4,16oz Paper Cup
2024-02-21,CUP-8OZ,5,8oz Paper Cup
2024-02-21,LID-90,5,90mm Dome Lid
2024-02-21,NAP-33,8,33cm Napkin
2024-02-22,BOWL-24,13,24oz Salad Bowl
2024-02-22,CLAM-BURG,1,Burger Clamshell
2024-02-22,CUP-12OZ,4,12oz Paper Cup
2024-02-22,CUP-16OZ,4,16oz Paper Cup
2024-02-22,CUP-8OZ,5,8oz Paper Cup
2024-02-22,LID-90,6,90mm Dome Lid
2024-02-22,NAP-33,7,33cm Napkin
2024-02-22,STIR-WD,1,Wooden Stirrer
2024-02-23,BOWL-24,4,24oz Salad Bowl
2024-02-23,CUP-12OZ,2,12oz Paper Cup
2024-02-23,CUP-16OZ,3,16oz Paper Cup
2024-02-23,CUP-8OZ,3,8oz Paper Cup
2024-02-23,LID-90,3,90mm Dome Lid
2024-02-23,NAP-33,4,33cm Napkin
2024-02-24,BOWL-24,7,24oz Salad Bowl
2024-02-24,CLAM-BURG,2,Burger Clamshell
2024-02-24,CUP-12OZ,5,12oz Paper Cup
2024-02-24,CUP-16OZ,1,16oz Paper Cup
2024-02-24,CUP-8OZ,7,8oz Paper Cup
2024-02-24,LID-90,7,90mm Dome Lid
2024-02-24,NAP-33,8,33cm Napkin
2024-02-25,BOWL-24,13,24oz Salad Bowl
2024-02-25,CLAM-BURG,3,Burger Clamshell
2024-02-25,CUP-12OZ,6,12oz Paper Cup
2024-02-25,CUP-16OZ,5,16oz Paper Cup
2024-02-25,CUP-8OZ,5,8oz Paper Cup
2024-02-25,LID-90,6,90mm Dome Lid
2024-02-25,NAP-33,10,33cm Napkin
2024-02-26,BOWL-24,7,24oz Salad Bowl
2024-02-26,CLAM-BURG,2,Burger Clamshell
2024-02-26,CUP-12OZ,5,12oz Paper Cup
2024-02-26,CUP-16OZ,3,16oz Paper Cup
2024-02-26,CUP-8OZ,6,8oz Paper Cup
2024-02-26,LID-90,6,90mm Dome Lid
2024-02-26,NAP-33,7,33cm Napkin
2024-02-26,STIR-WD,1,Wooden Stirrer
2024-02-27,BOWL-24,10,24oz Salad Bowl
2024-02-27,CLAM-BURG,2,Burger Clamshell
2024-02-27,CUP-12OZ,4,12oz Paper Cup
2024-02-27,CUP-16OZ,4,16oz Paper Cup
2024-02-27,CUP-8OZ,6,8oz Paper Cup
2024-02-27,LID-90,6,90mm Dome Lid
2024-02-27,NAP-33,6,33cm Napkin
2024-02-28,BOWL-24,5,24oz Salad Bowl
2024-02-28,CLAM-BURG,4,Burger Clamshell
2024-02-28,CUP-12OZ,5,12oz Paper Cup
2024-02-28,CUP-16OZ,3,16oz Paper Cup
2024-02-28,CUP-8OZ,6,8oz Paper Cup
2024-02-28,LID-90,5,90mm Dome Lid
2024-02-28,NAP-33,8,33cm Napkin
2024-02-29,BOWL-24,3,24oz Salad Bowl
2024-02-29,CLAM-BURG,5,Burger Clamshell
2024-02-29,CUP-12OZ,5,12oz Paper Cup
2024-02-29,CUP-16OZ,2,16oz Paper Cup
2024-02-29,CUP-8OZ,5,8oz Paper Cup
2024-02-29,LID-90,5,90mm Dome Lid
2024-02-29,NAP-33,8,33cm Napkin
2024-02-29,STIR-WD,1,Wooden Stirrer
2024-03-01,BOWL-24,1,24oz Salad Bowl
2024-03-01,CLAM-BURG,2,Burger Clamshell
2024-03-01,CUP-12OZ,3,12oz Paper Cup
2024-03-01,CUP-8OZ,3,8oz Paper Cup
2024-03-01,LID-90,3,90mm Dome Lid
2024-03-01,NAP-33,4,33cm Napkin
2024-03-02,BOWL-24,14,24oz Salad Bowl
2024-03-02,CLAM-BURG,2,Burger Clamshell
2024-03-02,CUP-12OZ,5,12oz Paper Cup
2024-03-02,CUP-16OZ,4,16oz Paper Cup
2024-03-02,CUP-8OZ,6,8oz Paper Cup
2024-03-02,LID-90,6,90mm Dome Lid
2024-03-02,NAP-33,8,33cm Napkin
2024-03-03,BOWL-24,11,24oz Salad Bowl
2024-03-03,CARR-4CUP,3,4-Cup Carrier
2024-03-03,CLAM-BURG,3,Burger Clamshell
2024-03-03,CUP-12OZ,5,12oz Paper Cup
2024-03-03,CUP-16OZ,4,16oz Paper Cup
2024-03-03,CUP-8OZ,7,8oz Paper Cup
2024-03-03,LID-90,7,90mm Dome Lid
2024-03-03,NAP-33,9,33cm Napkin
2024-03-04,BOWL-24,1,24oz Salad Bowl
2024-03-04,CLAM-BURG,1,Burger Clamshell
2024-03-04,CUP-12OZ,5,12oz Paper Cup
2024-03-04,CUP-16OZ,2,16oz Paper Cup
2024-03-04,CUP-8OZ,6,8oz Paper Cup
2024-03-04,LID-90,5,90mm Dome Lid
2024-03-04,NAP-33,7,33cm Napkin
2024-03-05,BOWL-24,3,24oz Salad Bowl
2024-03-05,CARR-4CUP,2,4-Cup Carrier
2024-03-05,CLAM-BURG,3,Burger Clamshell
2024-03-05,CUP-12OZ,5,12oz Paper Cup
2024-03-05,CUP-16OZ,1,16oz Paper Cup
2024-03-05,CUP-8OZ,5,8oz Paper Cup
2024-03-05,LID-90,6,90mm Dome Lid
2024-03-05,NAP-33,8,33cm Napkin
2024-03-06,BOWL-24,6,24oz Salad Bowl
2024-03-06,CARR-4CUP,2,4-Cup Carrier
2024-03-06,CLAM-BURG,3,Burger Clamshell
2024-03-06,CUP-12OZ,5,12oz Paper Cup
2024-03-06,CUP-16OZ,3,16oz Paper Cup
2024-03-06,CUP-8OZ,6,8oz Paper Cup
2024-03-06,LID-90,6,90mm Dome Lid
2024-03-06,NAP-33,9,33cm Napkin
2024-03-07,BOWL-24,7,24oz Salad Bowl
2024-03-07,CARR-4CUP,2,4-Cup Carrier
2024-03-07,CLAM-BURG,4,Burger Clamshell
2024-03-07,CUP-12OZ,5,12oz Paper Cup
2024-03-07,CUP-8OZ,6,8oz Paper Cup
2024-03-07,LID-90,6,90mm Dome Lid
2024-03-07,NAP-33,7,33cm Napkin
2024-03-08,BOWL-24,6,24oz Salad Bowl
2024-03-08,CLAM-BURG,2,Burger Clamshell
2024-03-08,CUP-12OZ,2,12oz Paper Cup
2024-03-08,CUP-16OZ,1,16oz Paper Cup
2024-03-08,CUP-8OZ,3,8oz Paper Cup
2024-03-08,LID-90,3,90mm Dome Lid
2024-03-08,NAP-33,4,33cm Napkin
2024-03-09,BOWL-24,13,24oz Salad Bowl
2024-03-09,CLAM-BURG,4,Burger Clamshell
2024-03-09,CUP-12OZ,6,12oz Paper Cup
2024-03-09,CUP-16OZ,4,16oz Paper Cup
2024-03-09,CUP-8OZ,5,8oz Paper Cup
2024-03-09,LID-90,6,90mm Dome Lid
2024-03-09,NAP-33,8,33cm Napkin
2024-03-10,BOWL-24,11,24oz Salad Bowl
2024-03-10,CLAM-BURG,4,Burger Clamshell
2024-03-10,CUP-12OZ,5,12oz Paper Cup
2024-03-10,CUP-16OZ,4,16oz Paper Cup
2024-03-10,CUP-8OZ,6,8oz Paper Cup
2024-03-10,LID-90,6,90mm Dome Lid
2024-03-10,NAP-33,8,33cm Napkin
2024-03-11,BOWL-24,25,24oz Salad Bowl
2024-03-11,CLAM-BURG,9,Burger Clamshell
2024-03-11,CUP-12OZ,11,12oz Paper Cup
2024-03-11,CUP-16OZ,9,16oz Paper Cup
2024-03-11,CUP-8OZ,12,8oz Paper Cup
2024-03-11,LID-90,13,90mm Dome Lid
2024-03-11,NAP-33,20,33cm Napkin
2024-03-11,STIR-WD,3,Wooden Stirrer
2024-03-12,BOWL-24,24,24oz Salad Bowl
2024-03-12,CLAM-BURG,6,Burger Clamshell
2024-03-12,CUP-12OZ,10,12oz Paper Cup
2024-03-12,CUP-16OZ,8,16oz Paper Cup
2024-03-12,CUP-8OZ,13,8oz Paper Cup
2024-03-12,LID-90,14,90mm Dome Lid
2024-03-12,NAP-33,17,33cm Napkin
2024-03-13,BOWL-24,17,24oz Salad Bowl
2024-03-13,CARR-4CUP,6,4-Cup Carrier
2024-03-13,CLAM-BURG,5,Burger Clamshell
2024-03-13,CUP-12OZ,9,12oz Paper Cup
2024-03-13,CUP-16OZ,7,16oz Paper Cup
2024-03-13,CUP-8OZ,13,8oz Paper Cup
2024-03-13,LID-90,14,90mm Dome Lid
2024-03-13,NAP-33,18,33cm Napkin
2024-03-13,STIR-WD,3,Wooden Stirrer
2024-03-14,BOWL-24,22,24oz Salad Bowl
2024-03-14,CLAM-BURG,5,Burger Clamshell
2024-03-14,CUP-12OZ,10,12oz Paper Cup
2024-03-14,CUP-16OZ,8,16oz Paper Cup
2024-03-14,CUP-8OZ,14,8oz Paper Cup
2024-03-14,LID-90,13,90mm Dome Lid
2024-03-14,NAP-33,15,33cm Napkin
2024-03-14,STIR-WD,1,Wooden Stirrer
2024-03-15,BOWL-24,16,24oz Salad Bowl
2024-03-15,CLAM-BURG,2,Burger Clamshell
2024-03-15,CUP-12OZ,6,12oz Paper Cup
2024-03-15,CUP-16OZ,5,16oz Paper Cup
2024-03-15,CUP-8OZ,7,8oz Paper Cup
2024-03-15,LID-90,7,90mm Dome Lid
2024-03-15,NAP-33,10,33cm Napkin
2024-03-16,BOWL-24,2,24oz Salad Bowl
2024-03-16,CARR-4CUP,4,4-Cup Carrier
2024-03-16,CLAM-BURG,7,Burger Clamshell
2024-03-16,CUP-12OZ,11,12oz Paper Cup
2024-03-16,CUP-16OZ,11,16oz Paper Cup
2024-03-16,CUP-8OZ,12,8oz Paper Cup
2024-03-16,LID-90,14,90mm Dome Lid
2024-03-16,NAP-33,21,33cm Napkin
2024-03-16,STIR-WD,4,Wooden Stirrer
2024-03-17,BOWL-24,21,24oz Salad Bowl
2024-03-17,CUP-12OZ,12,12oz Paper Cup
2024-03-17,CUP-16OZ,9,16oz Paper Cup
2024-03-17,CUP-8OZ,14,8oz Paper Cup
2024-03-17,LID-90,16,90mm Dome Lid
2024-03-17,NAP-33,21,33cm Napkin
2024-03-18,BOWL-24,13,24oz Salad Bowl
2024-03-18,CLAM-BURG,2,Burger Clamshell
2024-03-18,CUP-12OZ,11,12oz Paper Cup
2024-03-18,CUP-16OZ,8,16oz Paper Cup
2024-03-18,CUP-8OZ,13,8oz Paper Cup
2024-03-18,LID-90,13,90mm Dome Lid
2024-03-18,NAP-33,15,33cm Napkin
2024-03-19,BOWL-24,30,24oz Salad Bowl
2024-03-19,CLAM-BURG,14,Burger Clamshell
2024-03-19,CUP-12OZ,11,12oz Paper Cup
2024-03-19,CUP-16OZ,9,16oz Paper Cup
2024-03-19,CUP-8OZ,13,8oz Paper Cup
2024-03-19,LID-90,15,90mm Dome Lid
2024-03-19,NAP-33,16,33cm Napkin
2024-03-19,STIR-WD,2,Wooden Stirrer
2024-03-20,CLAM-BURG,3,Burger Clamshell
2024-03-20,CUP-12OZ,12,12oz Paper Cup
2024-03-20,CUP-16OZ,4,16oz Paper Cup
2024-03-20,CUP-8OZ,13,8oz Paper Cup
2024-03-20,LID-90,12,90mm Dome Lid
2024-03-20,NAP-33,13,33cm Napkin
2024-03-20,STIR-WD,2,Wooden Stirrer
2024-03-21,BOWL-24,32,24oz Salad Bowl
2024-03-21,CLAM-BURG,7,Burger Clamshell
2024-03-21,CUP-12OZ,11,12oz Paper Cup
2024-03-21,CUP-16OZ,7,16oz Paper Cup
2024-03-21,CUP-8OZ,14,8oz Paper Cup
2024-03-21,LID-90,14,90mm Dome Lid
2024-03-21,NAP-33,20,33cm Napkin
2024-03-22,BOWL-24,13,24oz Salad Bowl
2024-03-22,CLAM-BURG,4,Burger Clamshell
2024-03-22,CUP-12OZ,5,12oz Paper Cup
2024-03-22,CUP-16OZ,1,16oz Paper Cup
2024-03-22,CUP-8OZ,8,8oz Paper Cup
2024-03-22,LID-90,7,90mm Dome Lid
2024-03-22,NAP-33,9,33cm Napkin
2024-03-23,BOWL-24,18,24oz Salad Bowl
2024-03-23,CLAM-BURG,8,Burger Clamshell
2024-03-23,CUP-12OZ,11,12oz Paper Cup
2024-03-23,CUP-16OZ,6,16oz Paper Cup
2024-03-23,CUP-8OZ,14,8oz Paper Cup
2024-03-23,LID-90,15,90mm Dome Lid
2024-03-23,NAP-33,22,33cm Napkin
2024-03-23,STIR-WD,5,Wooden Stirrer
2024-03-24,BOWL-24,14,24oz Salad Bowl
2024-03-24,CARR-4CUP,5,4-Cup Carrier
2024-03-24,CLAM-BURG,6,Burger Clamshell
2024-03-24,CUP-12OZ,11,12oz Paper Cup
2024-03-24,CUP-8OZ,14,8oz Paper Cup
2024-03-24,LID-90,13,90mm Dome Lid
2024-03-24,NAP-33,23,33cm Napkin
2024-03-24,STIR-WD,2,Wooden Stirrer
2024-03-25,BOWL-24,25,24oz Salad Bowl
2024-03-25,CLAM-BURG,5,Burger Clamshell
2024-03-25,CUP-12OZ,11,12oz Paper Cup
2024-03-25,CUP-16OZ,6,16oz Paper Cup
2024-03-25,CUP-8OZ,13,8oz Paper Cup
2024-03-25,LID-90,13,90mm Dome Lid
2024-03-25,NAP-33,19,33cm Napkin
2024-03-25,STIR-WD,3,Wooden Stirrer
2024-03-26,BOWL-24,8,24oz Salad Bowl
2024-03-26,CLAM-BURG,8,Burger Clamshell
2024-03-26,CUP-12OZ,11,12oz Paper Cup
2024-03-26,CUP-16OZ,9,16oz Paper Cup
2024-03-26,CUP-8OZ,13,8oz Paper Cup
2024-03-26,LID-90,13,90mm Dome Lid
2024-03-26,NAP-33,16,33cm Napkin
2024-03-27,BOWL-24,21,24oz Salad Bowl
2024-03-27,CLAM-BURG,7,Burger Clamshell
2024-03-27,CUP-12OZ,11,12oz Paper Cup
2024-03-27,CUP-16OZ,8,16oz Paper Cup
2024-03-27,CUP-8OZ,12,8oz Paper Cup
2024-03-27,LID-90,12,90mm Dome Lid
2024-03-27,NAP-33,17,33cm Napkin
2024-03-27,STIR-WD,2,Wooden Stirrer
2024-03-28,BOWL-24,17,24oz Salad Bowl
2024-03-28,CARR-4CUP,2,4-Cup Carrier
2024-03-28,CLAM-BURG,5,Burger Clamshell
2024-03-28,CUP-12OZ,11,12oz Paper Cup
2024-03-28,CUP-16OZ,10,16oz Paper Cup
2024-03-28,CUP-8OZ,12,8oz Paper Cup
2024-03-28,LID-90,11,90mm Dome Lid
2024-03-28,NAP-33,19,33cm Napkin
2024-03-29,BOWL-24,8,24oz Salad Bowl
2024-03-29,CARR-4CUP,1,4-Cup Carrier
2024-03-29,CLAM-BURG,3,Burger Clamshell
2024-03-29,CUP-12OZ,5,12oz Paper Cup
2024-03-29,CUP-16OZ,5,16oz Paper Cup
2024-03-29,CUP-8OZ,6,8oz Paper Cup
2024-03-29,LID-90,6,90mm Dome Lid
2024-03-29,NAP-33,8,33cm Napkin
2024-03-29,STIR-WD,1,Wooden Stirrer
2024-03-30,BOWL-24,11,24oz Salad Bowl
2024-03-30,CLAM-BURG,7,Burger Clamshell
2024-03-30,CUP-12OZ,12,12oz Paper Cup
2024-03-30,CUP-16OZ,9,16oz Paper Cup
2024-03-30,CUP-8OZ,12,8oz Paper Cup
2024-03-30,LID-90,14,90mm Dome Lid
2024-03-30,NAP-33,22,33cm Napkin
2024-03-31,BOWL-24,8,24oz Salad Bowl
2024-03-31,CLAM-BURG,12,Burger Clamshell
2024-03-31,CUP-12OZ,13,12oz Paper Cup
2024-03-31,CUP-8OZ,14,8oz Paper Cup
2024-03-31,LID-90,15,90mm Dome Lid
2024-03-31,NAP-33,22,33cm Napkin
2024-04-01,BOWL-24,13,24oz Salad Bowl
2024-04-01,CLAM-BURG,5,Burger Clamshell
2024-04-01,CUP-12OZ,11,12oz Paper Cup
2024-04-01,CUP-16OZ,6,16oz Paper Cup
2024-04-01,CUP-8OZ,11,8oz Paper Cup
2024-04-01,LID-90,13,90mm Dome Lid
2024-04-01,NAP-33,19,33cm Napkin
2024-04-02,BOWL-24,22,24oz Salad Bowl
2024-04-02,CLAM-BURG,7,Burger Clamshell
2024-04-02,CUP-12OZ,11,12oz Paper Cup
2024-04-02,CUP-16OZ,7,16oz Paper Cup
2024-04-02,CUP-8OZ,13,8oz Paper Cup
2024-04-02,LID-90,13,90mm Dome Lid
2024-04-02,NAP-33,17,33cm Napkin
2024-04-03,BOWL-24,19,24oz Salad Bowl
2024-04-03,CLAM-BURG,3,Burger Clamshell
2024-04-03,CUP-12OZ,9,12oz Paper Cup
2024-04-03,CUP-16OZ,5,16oz Paper Cup
2024-04-03,CUP-8OZ,14,8oz Paper Cup
2024-04-03,LID-90,13,90mm Dome Lid
2024-04-03,NAP-33,18,33cm Napkin
2024-04-04,BOWL-24,30,24oz Salad Bowl
2024-04-04,CARR-4CUP,2,4-Cup Carrier
2024-04-04,CUP-12OZ,9,12oz Paper Cup
2024-04-04,CUP-16OZ,11,16oz Paper Cup
2024-04-04,CUP-8OZ,12,8oz Paper Cup
2024-04-04,LID-90,11,90mm Dome Lid
2024-04-04,NAP-33,15,33cm Napkin
2024-04-05,BOWL-24,12,24oz Salad Bowl
2024-04-05,CLAM-BURG,2,Burger Clamshell
2024-04-05,CUP-12OZ,5,12oz Paper Cup
2024-04-05,CUP-16OZ,3,16oz Paper Cup
2024-04-05,CUP-8OZ,7,8oz Paper Cup
2024-04-05,LID-90,8,90mm Dome Lid
2024-04-05,NAP-33,9,33cm Napkin
2024-04-06,BOWL-24,25,24oz Salad Bowl
2024-04-06,CLAM-BURG,5,Burger Clamshell
2024-04-06,CUP-12OZ,13,12oz Paper Cup
2024-04-06,CUP-16OZ,14,16oz Paper Cup
2024-04-06,CUP-8OZ,13,8oz Paper Cup
2024-04-06,LID-90,14,90mm Dome Lid
2024-04-06,NAP-33,19,33cm Napkin
2024-04-07,BOWL-24,17,24oz Salad Bowl
2024-04-07,CARR-4CUP,2,4-Cup Carrier
2024-04-07,CLAM-BURG,3,Burger Clamshell
2024-04-07,CUP-12OZ,13,12oz Paper Cup
2024-04-07,CUP-16OZ,12,16oz Paper Cup
2024-04-07,CUP-8OZ,12,8oz Paper Cup
2024-04-07,LID-90,13,90mm Dome Lid
2024-04-07,NAP-33,18,33cm Napkin
2024-04-08,BOWL-24,30,24oz Salad Bowl
2024-04-08,CARR-4CUP,4,4-Cup Carrier
2024-04-08,CLAM-BURG,5,Burger Clamshell
2024-04-08,CUP-12OZ,10,12oz Paper Cup
2024-04-08,CUP-16OZ,7,16oz Paper Cup
2024-04-08,CUP-8OZ,13,8oz Paper Cup
2024-04-08,LID-90,12,90mm Dome Lid
2024-04-08,NAP-33,20,33cm Napkin
2024-04-09,BOWL-24,18,24oz Salad Bowl
2024-04-09,CLAM-BURG,9,Burger Clamshell
2024-04-09,CUP-12OZ,10,12oz Paper Cup
2024-04-09,CUP-16OZ,3,16oz Paper Cup
2024-04-09,CUP-8OZ,12,8oz Paper Cup
2024-04-09,LID-90,14,90mm Dome Lid
2024-04-09,NAP-33,18,33cm Napkin
2024-04-10,BOWL-24,4,24oz Salad Bowl
2024-04-10,CARR-4CUP,2,4-Cup Carrier
2024-04-10,CLAM-BURG,1,Burger Clamshell
2024-04-10,CUP-12OZ,4,12oz Paper Cup
2024-04-10,CUP-16OZ,2,16oz Paper Cup
2024-04-10,CUP-8OZ,6,8oz Paper Cup
2024-04-10,LID-90,6,90mm Dome Lid
2024-04-10,NAP-33,6,33cm Napkin
2024-04-11,BOWL-24,10,24oz Salad Bowl
2024-04-11,CARR-4CUP,1,4-Cup Carrier
2024-04-11,CLAM-BURG,3,Burger Clamshell
2024-04-11,CUP-12OZ,4,12oz Paper Cup
2024-04-11,CUP-16OZ,2,16oz Paper Cup
2024-04-11,CUP-8OZ,6,8oz Paper Cup
2024-04-11,LID-90,5,90mm Dome Lid
2024-04-11,NAP-33,8,33cm Napkin
2024-04-12,BOWL-24,6,24oz Salad Bowl
2024-04-12,CLAM-BURG,3,Burger Clamshell
2024-04-12,CUP-12OZ,3,12oz Paper Cup
2024-04-12,CUP-16OZ,2,16oz Paper Cup
2024-04-12,CUP-8OZ,3,8oz Paper Cup
2024-04-12,LID-90,4,90mm Dome Lid
2024-04-12,NAP-33,4,33cm Napkin
2024-04-13,BOWL-24,21,24oz Salad Bowl
2024-04-13,CLAM-BURG,4,Burger Clamshell
2024-04-13,CUP-12OZ,5,12oz Paper Cup
2024-04-13,CUP-16OZ,7,16oz Paper Cup
2024-04-13,CUP-8OZ,7,8oz Paper Cup
2024-04-13,LID-90,5,90mm Dome Lid
2024-04-13,NAP-33,8,33cm Napkin
2024-04-14,BOWL-24,14,24oz Salad Bowl
2024-04-14,CLAM-BURG,4,Burger Clamshell
2024-04-14,CUP-12OZ,6,12oz Paper Cup
2024-04-14,CUP-16OZ,2,16oz Paper Cup
2024-04-14,CUP-8OZ,6,8oz Paper Cup
2024-04-14,LID-90,7,90mm Dome Lid
2024-04-14,NAP-33,8,33cm Napkin
2024-04-15,BOWL-24,2,24oz Salad Bowl
2024-04-15,CLAM-BURG,2,Burger Clamshell
2024-04-15,CUP-12OZ,5,12oz Paper Cup
2024-04-15,CUP-16OZ,5,16oz Paper Cup
2024-04-15,CUP-8OZ,6,8oz Paper Cup
2024-04-15,LID-90,6,90mm Dome Lid
2024-04-15,NAP-33,9,33cm Napkin
2024-04-16,BOWL-24,10,24oz Salad Bowl
2024-04-16,CLAM-BURG,3,Burger Clamshell
2024-04-16,CUP-12OZ,4,12oz Paper Cup
2024-04-16,CUP-16OZ,4,16oz Paper Cup
2024-04-16,CUP-8OZ,5,8oz Paper Cup
2024-04-16,LID-90,5,90mm Dome Lid
2024-04-16,NAP-33,8,33cm Napkin
2024-04-17,BOWL-24,8,24oz Salad Bowl
2024-04-17,CLAM-BURG,2,Burger Clamshell
2024-04-17,CUP-12OZ,5,12oz Paper Cup
2024-04-17,CUP-16OZ,3,16oz Paper Cup
2024-04-17,CUP-8OZ,6,8oz Paper Cup
2024-04-17,LID-90,6,90mm Dome Lid
2024-04-17,NAP-33,8,33cm Napkin
2024-04-18,BOWL-24,11,24oz Salad Bowl
2024-04-18,CLAM-BURG,2,Burger Clamshell
2024-04-18,CUP-12OZ,5,12oz Paper Cup
2024-04-18,CUP-16OZ,3,16oz Paper Cup
2024-04-18,CUP-8OZ,5,8oz Paper Cup
2024-04-18,LID-90,6,90mm Dome Lid
2024-04-18,NAP-33,6,33cm Napkin
2024-04-19,BOWL-24,6,24oz Salad Bowl
2024-04-19,CLAM-BURG,2,Burger Clamshell
2024-04-19,CUP-12OZ,3,12oz Paper Cup
2024-04-19,CUP-16OZ,2,16oz Paper Cup
2024-04-19,CUP-8OZ,3,8oz Paper Cup
2024-04-19,LID-90,3,90mm Dome Lid
2024-04-19,NAP-33,4,33cm Napkin
2024-04-20,BOWL-24,12,24oz Salad Bowl
2024-04-20,CARR-4CUP,1,4-Cup Carrier
2024-04-20,CLAM-BURG,3,Burger Clamshell
2024-04-20,CUP-12OZ,6,12oz Paper Cup
2024-04-20,CUP-16OZ,4,16oz Paper Cup
2024-04-20,CUP-8OZ,6,8oz Paper Cup
2024-04-20,LID-90,7,90mm Dome Lid
2024-04-20,NAP-33,9,33cm Napkin
2024-04-21,BOWL-24,7,24oz Salad Bowl
2024-04-21,CLAM-BURG,4,Burger Clamshell
2024-04-21,CUP-12OZ,5,12oz Paper Cup
2024-04-21,CUP-16OZ,3,16oz Paper Cup
2024-04-21,CUP-8OZ,4,8oz Paper Cup
2024-04-21,LID-90,6,90mm Dome Lid
2024-04-21,NAP-33,9,33cm Napkin
2024-04-22,BOWL-24,4,24oz Salad Bowl
2024-04-22,CUP-12OZ,5,12oz Paper Cup
2024-04-22,CUP-16OZ,2,16oz Paper Cup
2024-04-22,CUP-8OZ,5,8oz Paper Cup
2024-04-22,LID-90,6,90mm Dome Lid
2024-04-22,NAP-33,7,33cm Napkin
2024-04-23,BOWL-24,7,24oz Salad Bowl
2024-04-23,CARR-4CUP,2,4-Cup Carrier
2024-04-23,CLAM-BURG,1,Burger Clamshell
2024-04-23,CUP-12OZ,5,12oz Paper Cup
2024-04-23,CUP-16OZ,4,16oz Paper Cup
2024-04-23,CUP-8OZ,5,8oz Paper Cup
2024-04-23,LID-90,5,90mm Dome Lid
2024-04-23,NAP-33,7,33cm Napkin
2024-04-24,BOWL-24,10,24oz Salad Bowl
2024-04-24,CLAM-BURG,3,Burger Clamshell
2024-04-24,CUP-12OZ,5,12oz Paper Cup
2024-04-24,CUP-16OZ,3,16oz Paper Cup
2024-04-24,CUP-8OZ,5,8oz Paper Cup
2024-04-24,LID-90,6,90mm Dome Lid
2024-04-24,NAP-33,7,33cm Napkin
2024-04-25,BOWL-24,7,24oz Salad Bowl
2024-04-25,CLAM-BURG,2,Burger Clamshell
2024-04-25,CUP-12OZ,5,12oz Paper Cup
2024-04-25,CUP-16OZ,4,16oz Paper Cup
2024-04-25,CUP-8OZ,6,8oz Paper Cup
2024-04-25,LID-90,6,90mm Dome Lid
2024-04-25,NAP-33,6,33cm Napkin
2024-04-26,BOWL-24,8,24oz Salad Bowl
2024-04-26,CLAM-BURG,2,Burger Clamshell
2024-04-26,CUP-12OZ,3,12oz Paper Cup
2024-04-26,CUP-16OZ,1,16oz Paper Cup
2024-04-26,CUP-8OZ,3,8oz Paper Cup
2024-04-26,LID-90,3,90mm Dome Lid
2024-04-26,NAP-33,4,33cm Napkin
2024-04-27,BOWL-24,14,24oz Salad Bowl
2024-04-27,CLAM-BURG,5,Burger Clamshell
2024-04-27,CUP-12OZ,5,12oz Paper Cup
2024-04-27,CUP-16OZ,3,16oz Paper Cup
2024-04-27,CUP-8OZ,6,8oz Paper Cup
2024-04-27,LID-90,7,90mm Dome Lid
2024-04-27,NAP-33,7,33cm Napkin
2024-04-28,BOWL-24,20,24oz Salad Bowl
2024-04-28,CLAM-BURG,5,Burger Clamshell
2024-04-28,CUP-12OZ,5,12oz Paper Cup
2024-04-28,CUP-16OZ,2,16oz Paper Cup
2024-04-28,CUP-8OZ,5,8oz Paper Cup
2024-04-28,LID-90,5,90mm Dome Lid
2024-04-28,NAP-33,7,33cm Napkin
2024-04-29,BOWL-24,9,24oz Salad Bowl
2024-04-29,CLAM-BURG,4,Burger Clamshell
2024-04-29,CUP-12OZ,5,12oz Paper Cup
2024-04-29,CUP-16OZ,3,16oz Paper Cup
2024-04-29,CUP-8OZ,5,8oz Paper Cup
2024-04-29,LID-90,6,90mm Dome Lid
2024-04-29,NAP-33,8,33cm Napkin
2024-04-30,BOWL-24,6,24oz Salad Bowl
2024-04-30,CLAM-BURG,2,Burger Clamshell
2024-04-30,CUP-12OZ,5,12oz Paper Cup
2024-04-30,CUP-16OZ,3,16oz Paper Cup
2024-04-30,CUP-8OZ,6,8oz Paper Cup
2024-04-30,LID-90,5,90mm Dome Lid
2024-04-30,NAP-33,8,33cm Napkin
2024-05-01,BOWL-24,15,24oz Salad Bowl
2024-05-01,CLAM-BURG,2,Burger Clamshell
2024-05-01,CUP-12OZ,4,12oz Paper Cup
2024-05-01,CUP-16OZ,3,16oz Paper Cup
2024-05-01,CUP-8OZ,6,8oz Paper Cup
2024-05-01,LID-90,5,90mm Dome Lid
2024-05-01,NAP-33,7,33cm Napkin
2024-05-02,BOWL-24,8,24oz Salad Bowl
2024-05-02,CLAM-BURG,4,Burger Clamshell
2024-05-02,CUP-12OZ,5,12oz Paper Cup
2024-05-02,CUP-16OZ,4,16oz Paper Cup
2024-05-02,CUP-8OZ,5,8oz Paper Cup
2024-05-02,LID-90,6,90mm Dome Lid
2024-05-02,NAP-33,8,33cm Napkin
2024-05-03,BOWL-24,7,24oz Salad Bowl
2024-05-03,CLAM-BURG,1,Burger Clamshell
2024-05-03,CUP-12OZ,2,12oz Paper Cup
2024-05-03,CUP-16OZ,2,16oz Paper Cup
2024-05-03,CUP-8OZ,3,8oz Paper Cup
2024-05-03,LID-90,3,90mm Dome Lid
2024-05-03,NAP-33,4,33cm Napkin
2024-05-04,BOWL-24,11,24oz Salad Bowl
2024-05-04,CLAM-BURG,4,Burger Clamshell
2024-05-04,CUP-12OZ,5,12oz Paper Cup
2024-05-04,CUP-16OZ,6,16oz Paper Cup
2024-05-04,CUP-8OZ,5,8oz Paper Cup
2024-05-04,LID-90,6,90mm Dome Lid
2024-05-04,NAP-33,6,33cm Napkin
2024-05-05,BOWL-24,5,24oz Salad Bowl
2024-05-05,CLAM-BURG,3,Burger Clamshell
2024-05-05,CUP-12OZ,5,12oz Paper Cup
2024-05-05,CUP-16OZ,2,16oz Paper Cup
2024-05-05,CUP-8OZ,5,8oz Paper Cup
2024-05-05,LID-90,6,90mm Dome Lid
2024-05-05,NAP-33,10,33cm Napkin
2024-05-06,BOWL-24,8,24oz Salad Bowl
2024-05-06,CLAM-BURG,3,Burger Clamshell
2024-05-06,CUP-12OZ,4,12oz Paper Cup
2024-05-06,CUP-16OZ,4,16oz Paper Cup
2024-05-06,CUP-8OZ,6,8oz Paper Cup
2024-05-06,LID-90,5,90mm Dome Lid
2024-05-06,NAP-33,7,33cm Napkin
2024-05-07,BOWL-24,8,24oz Salad Bowl
2024-05-07,CLAM-BURG,1,Burger Clamshell
2024-05-07,CUP-12OZ,4,12oz Paper Cup
2024-05-07,CUP-16OZ,2,16oz Paper Cup
2024-05-07,CUP-8OZ,6,8oz Paper Cup
2024-05-07,LID-90,5,90mm Dome Lid
2024-05-07,NAP-33,9,33cm Napkin
2024-05-08,BOWL-24,8,24oz Salad Bowl
2024-05-08,CLAM-BURG,3,Burger Clamshell
2024-05-08,CUP-12OZ,4,12oz Paper Cup
2024-05-08,CUP-16OZ,2,16oz Paper Cup
2024-05-08,CUP-8OZ,6,8oz Paper Cup
2024-05-08,LID-90,5,90mm Dome Lid
2024-05-08,NAP-33,7,33cm Napkin
2024-05-09,BOWL-24,8,24oz Salad Bowl
2024-05-09,CLAM-BURG,4,Burger Clamshell
2024-05-09,CUP-12OZ,5,12oz Paper Cup
2024-05-09,CUP-16OZ,1,16oz Paper Cup
2024-05-09,CUP-8OZ,5,8oz Paper Cup
2024-05-09,LID-90,5,90mm Dome Lid
2024-05-09,NAP-33,8,33cm Napkin
2024-05-10,BOWL-24,1,24oz Salad Bowl
2024-05-10,CLAM-BURG,2,Burger Clamshell
2024-05-10,CUP-12OZ,2,12oz Paper Cup
2024-05-10,CUP-16OZ,3,16oz Paper Cup
2024-05-10,CUP-8OZ,3,8oz Paper Cup
2024-05-10,LID-90,3,90mm Dome Lid
2024-05-10,NAP-33,4,33cm Napkin
2024-05-11,BOWL-24,12,24oz Salad Bowl
2024-05-11,CLAM-BURG,3,Burger Clamshell
2024-05-11,CUP-12OZ,5,12oz Paper Cup
2024-05-11,CUP-16OZ,2,16oz Paper Cup
2024-05-11,CUP-8OZ,6,8oz Paper Cup
2024-05-11,LID-90,6,90mm Dome Lid
2024-05-11,NAP-33,8,33cm Napkin
2024-05-12,BOWL-24,10,24oz Salad Bowl
2024-05-12,CLAM-BURG,4,Burger Clamshell
2024-05-12,CUP-12OZ,6,12oz Paper Cup
2024-05-12,CUP-16OZ,3,16oz Paper Cup
2024-05-12,CUP-8OZ,7,8oz Paper Cup
2024-05-12,LID-90,5,90mm Dome Lid
2024-05-12,NAP-33,9,33cm Napkin
2024-05-13,BOWL-24,9,24oz Salad Bowl
2024-05-13,CLAM-BURG,3,Burger Clamshell
2024-05-13,CUP-12OZ,4,12oz Paper Cup
2024-05-13,CUP-16OZ,2,16oz Paper Cup
2024-05-13,CUP-8OZ,5,8oz Paper Cup
2024-05-13,LID-90,6,90mm Dome Lid
2024-05-13,NAP-33,9,33cm Napkin
2024-05-14,BOWL-24,6,24oz Salad Bowl
2024-05-14,CLAM-BURG,4,Burger Clamshell
2024-05-14,CUP-12OZ,5,12oz Paper Cup
2024-05-14,CUP-16OZ,3,16oz Paper Cup
2024-05-14,CUP-8OZ,5,8oz Paper Cup
2024-05-14,LID-90,6,90mm Dome Lid
2024-05-14,NAP-33,8,33cm Napkin
2024-05-15,BOWL-24,12,24oz Salad Bowl
2024-05-15,CLAM-BURG,1,Burger Clamshell
2024-05-15,CUP-12OZ,4,12oz Paper Cup
2024-05-15,CUP-16OZ,2,16oz Paper Cup
2024-05-15,CUP-8OZ,6,8oz Paper Cup
2024-05-15,LID-90,6,90mm Dome Lid
2024-05-15,NAP-33,7,33cm Napkin
2024-05-16,BOWL-24,13,24oz Salad Bowl
2024-05-16,CLAM-BURG,4,Burger Clamshell
2024-05-16,CUP-12OZ,4,12oz Paper Cup
2024-05-16,CUP-16OZ,6,16oz Paper Cup
2024-05-16,CUP-8OZ,5,8oz Paper Cup
2024-05-16,LID-90,6,90mm Dome Lid
2024-05-16,NAP-33,8,33cm Napkin
2024-05-17,BOWL-24,10,24oz Salad Bowl
2024-05-17,CLAM-BURG,1,Burger Clamshell
2024-05-17,CUP-12OZ,3,12oz Paper Cup
2024-05-17,CUP-16OZ,2,16oz Paper Cup
2024-05-17,CUP-8OZ,3,8oz Paper Cup
2024-05-17,LID-90,3,90mm Dome Lid
2024-05-17,NAP-33,5,33cm Napkin
2024-05-18,BOWL-24,8,24oz Salad Bowl
2024-05-18,CLAM-BURG,4,Burger Clamshell
2024-05-18,CUP-12OZ,5,12oz Paper Cup
2024-05-18,CUP-16OZ,7,16oz Paper Cup
2024-05-18,CUP-8OZ,7,8oz Paper Cup
2024-05-18,LID-90,6,90mm Dome Lid
2024-05-18,NAP-33,9,33cm Napkin
2024-05-19,BOWL-24,10,24oz Salad Bowl
2024-05-19,CLAM-BURG,3,Burger Clamshell
2024-05-19,CUP-12OZ,5,12oz Paper Cup
2024-05-19,CUP-16OZ,5,16oz Paper Cup
2024-05-19,CUP-8OZ,5,8oz Paper Cup
2024-05-19,LID-90,6,90mm Dome Lid
2024-05-19,NAP-33,8,33cm Napkin
2024-05-20,BOWL-24,10,24oz Salad Bowl
2024-05-20,CLAM-BURG,3,Burger Clamshell
2024-05-20,CUP-12OZ,5,12oz Paper Cup
2024-05-20,CUP-16OZ,1,16oz Paper Cup
2024-05-20,CUP-8OZ,5,8oz Paper Cup
2024-05-20,LID-90,6,90mm Dome Lid
2024-05-20,NAP-33,9,33cm Napkin
2024-05-21,BOWL-24,10,24oz Salad Bowl
2024-05-21,CLAM-BURG,2,Burger Clamshell
2024-05-21,CUP-12OZ,4,12oz Paper Cup
2024-05-21,CUP-16OZ,4,16oz Paper Cup
2024-05-21,CUP-8OZ,4,8oz Paper Cup
2024-05-21,LID-90,5,90mm Dome Lid
2024-05-21,NAP-33,7,33cm Napkin
2024-05-22,BOWL-24,8,24oz Salad Bowl
2024-05-22,CLAM-BURG,3,Burger Clamshell
2024-05-22,CUP-12OZ,5,12oz Paper Cup
2024-05-22,CUP-16OZ,5,16oz Paper Cup
2024-05-22,CUP-8OZ,7,8oz Paper Cup
2024-05-22,LID-90,5,90mm Dome Lid
2024-05-22,NAP-33,7,33cm Napkin
2024-05-23,BOWL-24,4,24oz Salad Bowl
2024-05-23,CLAM-BURG,2,Burger Clamshell
2024-05-23,CUP-12OZ,4,12oz Paper Cup
2024-05-23,CUP-16OZ,4,16oz Paper Cup
2024-05-23,CUP-8OZ,5,8oz Paper Cup
2024-05-23,LID-90,6,90mm Dome Lid
2024-05-23,NAP-33,8,33cm Napkin
2024-05-24,BOWL-24,9,24oz Salad Bowl
2024-05-24,CLAM-BURG,3,Burger Clamshell
2024-05-24,CUP-12OZ,3,12oz Paper Cup
2024-05-24,CUP-16OZ,2,16oz Paper Cup
2024-05-24,CUP-8OZ,3,8oz Paper Cup
2024-05-24,LID-90,3,90mm Dome Lid
2024-05-24,NAP-33,4,33cm Napkin
2024-05-25,BOWL-24,9,24oz Salad Bowl
2024-05-25,CLAM-BURG,1,Burger Clamshell
2024-05-25,CUP-12OZ,5,12oz Paper Cup
2024-05-25,CUP-16OZ,5,16oz Paper Cup
2024-05-25,CUP-8OZ,6,8oz Paper Cup
2024-05-25,LID-90,7,90mm Dome Lid
2024-05-25,NAP-33,8,33cm Napkin
2024-05-26,BOWL-24,7,24oz Salad Bowl
2024-05-26,CLAM-BURG,3,Burger Clamshell
2024-05-26,CUP-12OZ,5,12oz Paper Cup
2024-05-26,CUP-16OZ,6,16oz Paper Cup
2024-05-26,CUP-8OZ,5,8oz Paper Cup
2024-05-26,LID-90,5,90mm Dome Lid
2024-05-26,NAP-33,8,33cm Napkin
2024-05-27,BOWL-24,5,24oz Salad Bowl
2024-05-27,CLAM-BURG,4,Burger Clamshell
2024-05-27,CUP-12OZ,5,12oz Paper Cup
2024-05-27,CUP-16OZ,3,16oz Paper Cup
2024-05-27,CUP-8OZ,6,8oz Paper Cup
2024-05-27,LID-90,6,90mm Dome Lid
2024-05-27,NAP-33,7,33cm Napkin
2024-05-28,BOWL-24,11,24oz Salad Bowl
2024-05-28,CLAM-BURG,4,Burger Clamshell
2024-05-28,CUP-12OZ,5,12oz Paper Cup
2024-05-28,CUP-16OZ,5,16oz Paper Cup
2024-05-28,CUP-8OZ,5,8oz Paper Cup
2024-05-28,LID-90,5,90mm Dome Lid
2024-05-28,NAP-33,8,33cm Napkin
2024-05-29,BOWL-24,9,24oz Salad Bowl
2024-05-29,CLAM-BURG,3,Burger Clamshell
2024-05-29,CUP-12OZ,4,12oz Paper Cup
2024-05-29,CUP-16OZ,5,16oz Paper Cup
2024-05-29,CUP-8OZ,5,8oz Paper Cup
2024-05-29,LID-90,6,90mm Dome Lid
2024-05-29,NAP-33,6,33cm Napkin
2024-05-30,BOWL-24,9,24oz Salad Bowl
2024-05-30,CLAM-BURG,3,Burger Clamshell
2024-05-30,CUP-12OZ,5,12oz Paper Cup
2024-05-30,CUP-16OZ,6,16oz Paper Cup
2024-05-30,CUP-8OZ,5,8oz Paper Cup
2024-05-30,LID-90,6,90mm Dome Lid
2024-05-30,NAP-33,8,33cm Napkin
2024-05-31,BOWL-24,5,24oz Salad Bowl
2024-05-31,CLAM-BURG,2,Burger Clamshell
2024-05-31,CUP-12OZ,2,12oz Paper Cup
2024-05-31,CUP-16OZ,2,16oz Paper Cup
2024-05-31,CUP-8OZ,3,8oz Paper Cup
2024-05-31,LID-90,3,90mm Dome Lid
2024-05-31,NAP-33,4,33cm Napkin
2024-06-01,BOWL-24,15,24oz Salad Bowl
2024-06-01,CLAM-BURG,4,Burger Clamshell
2024-06-01,CUP-12OZ,6,12oz Paper Cup
2024-06-01,CUP-16OZ,5,16oz Paper Cup
2024-06-01,CUP-8OZ,7,8oz Paper Cup
2024-06-01,LID-90,8,90mm Dome Lid
2024-06-01,NAP-33,10,33cm Napkin
2024-06-02,BOWL-24,23,24oz Salad Bowl
2024-06-02,CLAM-BURG,7,Burger Clamshell
2024-06-02,CUP-12OZ,6,12oz Paper Cup
2024-06-02,CUP-16OZ,4,16oz Paper Cup
2024-06-02,CUP-8OZ,7,8oz Paper Cup
2024-06-02,LID-90,7,90mm Dome Lid
2024-06-02,NAP-33,10,33cm Napkin
2024-06-03,BOWL-24,12,24oz Salad Bowl
2024-06-03,CLAM-BURG,1,Burger Clamshell
2024-06-03,CUP-12OZ,6,12oz Paper Cup
2024-06-03,CUP-16OZ,2,16oz Paper Cup
2024-06-03,CUP-8OZ,7,8oz Paper Cup
2024-06-03,LID-90,6,90mm Dome Lid
2024-06-03,NAP-33,8,33cm Napkin
2024-06-04,BOWL-24,14,24oz Salad Bowl
2024-06-04,CLAM-BURG,3,Burger Clamshell
2024-06-04,CUP-12OZ,6,12oz Paper Cup
2024-06-04,CUP-16OZ,2,16oz Paper Cup
2024-06-04,CUP-8OZ,7,8oz Paper Cup
2024-06-04,LID-90,6,90mm Dome Lid
2024-06-04,NAP-33,9,33cm Napkin
2024-06-04,STIR-WD,2,Wooden Stirrer
2024-06-05,BOWL-24,9,24oz Salad Bowl
2024-06-05,CLAM-BURG,4,Burger Clamshell
2024-06-05,CUP-12OZ,6,12oz Paper Cup
2024-06-05,CUP-16OZ,3,16oz Paper Cup
2024-06-05,CUP-8OZ,7,8oz Paper Cup
2024-06-05,LID-90,6,90mm Dome Lid
2024-06-05,NAP-33,10,33cm Napkin
2024-06-06,BOWL-24,5,24oz Salad Bowl
2024-06-06,CLAM-BURG,3,Burger Clamshell
2024-06-06,CUP-12OZ,6,12oz Paper Cup
2024-06-06,CUP-16OZ,6,16oz Paper Cup
2024-06-06,CUP-8OZ,7,8oz Paper Cup
2024-06-06,LID-90,6,90mm Dome Lid
2024-06-06,NAP-33,9,33cm Napkin
2024-06-07,BOWL-24,7,24oz Salad Bowl
2024-06-07,CLAM-BURG,1,Burger Clamshell
2024-06-07,CUP-12OZ,3,12oz Paper Cup
2024-06-07,CUP-16OZ,2,16oz Paper Cup
2024-06-07,CUP-8OZ,3,8oz Paper Cup
2024-06-07,LID-90,4,90mm Dome Lid
2024-06-07,NAP-33,6,33cm Napkin
2024-06-08,BOWL-24,13,24oz Salad Bowl
2024-06-08,CLAM-BURG,6,Burger Clamshell
2024-06-08,CUP-12OZ,6,12oz Paper Cup
2024-06-08,CUP-16OZ,4,16oz Paper Cup
2024-06-08,CUP-8OZ,6,8oz Paper Cup
2024-06-08,LID-90,7,90mm Dome Lid
2024-06-08,NAP-33,11,33cm Napkin
2024-06-09,BOWL-24,7,24oz Salad Bowl
2024-06-09,CLAM-BURG,5,Burger Clamshell
2024-06-09,CUP-12OZ,6,12oz Paper Cup
2024-06-09,CUP-16OZ,4,16oz Paper Cup
2024-06-09,CUP-8OZ,7,8oz Paper Cup
2024-06-09,LID-90,7,90mm Dome Lid
2024-06-09,NAP-33,11,33cm Napkin
2024-06-10,BOWL-24,19,24oz Salad Bowl
2024-06-10,CLAM-BURG,4,Burger Clamshell
2024-06-10,CUP-12OZ,6,12oz Paper Cup
2024-06-10,CUP-16OZ,3,16oz Paper Cup
2024-06-10,CUP-8OZ,5,8oz Paper Cup
2024-06-10,LID-90,6,90mm Dome Lid
2024-06-10,NAP-33,9,33cm Napkin
2024-06-11,BOWL-24,5,24oz Salad Bowl
2024-06-11,CLAM-BURG,4,Burger Clamshell
2024-06-11,CUP-12OZ,6,12oz Paper Cup
2024-06-11,CUP-16OZ,4,16oz Paper Cup
2024-06-11,CUP-8OZ,6,8oz Paper Cup
2024-06-11,LID-90,6,90mm Dome Lid
2024-06-11,NAP-33,8,33cm Napkin
2024-06-12,BOWL-24,9,24oz Salad Bowl
2024-06-12,CLAM-BURG,4,Burger Clamshell
2024-06-12,CUP-12OZ,6,12oz Paper Cup
2024-06-12,CUP-16OZ,2,16oz Paper Cup
2024-06-12,CUP-8OZ,6,8oz Paper Cup
2024-06-12,LID-90,7,90mm Dome Lid
2024-06-12,NAP-33,9,33cm Napkin
2024-06-13,BOWL-24,15,24oz Salad Bowl
2024-06-13,CLAM-BURG,1,Burger Clamshell
2024-06-13,CUP-12OZ,5,12oz Paper Cup
2024-06-13,CUP-16OZ,3,16oz Paper Cup
2024-06-13,CUP-8OZ,6,8oz Paper Cup
2024-06-13,LID-90,7,90mm Dome Lid
2024-06-13,NAP-33,8,33cm Napkin
2024-06-14,BOWL-24,7,24oz Salad Bowl
2024-06-14,CLAM-BURG,2,Burger Clamshell
2024-06-14,CUP-12OZ,3,12oz Paper Cup
2024-06-14,CUP-16OZ,2,16oz Paper Cup
2024-06-14,CUP-8OZ,4,8oz Paper Cup
2024-06-14,LID-90,3,90mm Dome Lid
2024-06-14,NAP-33,5,33cm Napkin
2024-06-15,BOWL-24,10,24oz Salad Bowl
2024-06-15,CLAM-BURG,6,Burger Clamshell
2024-06-15,CUP-12OZ,7,12oz Paper Cup
2024-06-15,CUP-16OZ,4,16oz Paper Cup
2024-06-15,CUP-8OZ,8,8oz Paper Cup
2024-06-15,LID-90,7,90mm Dome Lid
2024-06-15,NAP-33,10,33cm Napkin
2024-06-16,BOWL-24,16,24oz Salad Bowl
2024-06-16,CLAM-BURG,4,Burger Clamshell
2024-06-16,CUP-12OZ,6,12oz Paper Cup
2024-06-16,CUP-16OZ,2,16oz Paper Cup
2024-06-16,CUP-8OZ,7,8oz Paper Cup
2024-06-16,LID-90,9,90mm Dome Lid
2024-06-16,NAP-33,10,33cm Napkin
2024-06-17,BOWL-24,10,24oz Salad Bowl
2024-06-17,CLAM-BURG,2,Burger Clamshell
2024-06-17,CUP-12OZ,5,12oz Paper Cup
2024-06-17,CUP-16OZ,4,16oz Paper Cup
2024-06-17,CUP-8OZ,6,8oz Paper Cup
2024-06-17,LID-90,7,90mm Dome Lid
2024-06-17,NAP-33,10,33cm Napkin
2024-06-18,BOWL-24,9,24oz Salad Bowl
2024-06-18,CLAM-BURG,2,Burger Clamshell
2024-06-18,CUP-12OZ,5,12oz Paper Cup
2024-06-18,CUP-16OZ,1,16oz Paper Cup
2024-06-18,CUP-8OZ,7,8oz Paper Cup
2024-06-18,LID-90,7,90mm Dome Lid
2024-06-18,NAP-33,8,33cm Napkin
2024-06-19,BOWL-24,8,24oz Salad Bowl
2024-06-19,CLAM-BURG,3,Burger Clamshell
2024-06-19,CUP-12OZ,5,12oz Paper Cup
2024-06-19,CUP-16OZ,1,16oz Paper Cup
2024-06-19,CUP-8OZ,6,8oz Paper Cup
2024-06-19,LID-90,6,90mm Dome Lid
2024-06-19,NAP-33,9,33cm Napkin
2024-06-20,BOWL-24,5,24oz Salad Bowl
2024-06-20,CLAM-BURG,4,Burger Clamshell
2024-06-20,CUP-12OZ,5,12oz Paper Cup
2024-06-20,CUP-16OZ,4,16oz Paper Cup
2024-06-20,CUP-8OZ,6,8oz Paper Cup
2024-06-20,LID-90,7,90mm Dome Lid
2024-06-20,NAP-33,10,33cm Napkin
2024-06-21,BOWL-24,7,24oz Salad Bowl
2024-06-21,CLAM-BURG,2,Burger Clamshell
2024-06-21,CUP-12OZ,3,12oz Paper Cup
2024-06-21,CUP-16OZ,3,16oz Paper Cup
2024-06-21,CUP-8OZ,4,8oz Paper Cup
2024-06-21,LID-90,4,90mm Dome Lid
2024-06-21,NAP-33,5,33cm Napkin
2024-06-22,BOWL-24,14,24oz Salad Bowl
2024-06-22,CLAM-BURG,2,Burger Clamshell
2024-06-22,CUP-12OZ,6,12oz Paper Cup
2024-06-22,CUP-16OZ,7,16oz Paper Cup
2024-06-22,CUP-8OZ,6,8oz Paper Cup
2024-06-22,LID-90,8,90mm Dome Lid
2024-06-22,NAP-33,11,33cm Napkin
2024-06-23,BOWL-24,23,24oz Salad Bowl
2024-06-23,CLAM-BURG,3,Burger Clamshell
2024-06-23,CUP-12OZ,7,12oz Paper Cup
2024-06-23,CUP-16OZ,6,16oz Paper Cup
2024-06-23,CUP-8OZ,7,8oz Paper Cup
2024-06-23,LID-90,7,90mm Dome Lid
2024-06-23,NAP-33,10,33cm Napkin
2024-06-24,BOWL-24,6,24oz Salad Bowl
2024-06-24,CLAM-BURG,1,Burger Clamshell
2024-06-24,CUP-12OZ,6,12oz Paper Cup
2024-06-24,CUP-16OZ,4,16oz Paper Cup
2024-06-24,CUP-8OZ,8,8oz Paper Cup
2024-06-24,LID-90,7,90mm Dome Lid
2024-06-24,NAP-33,9,33cm Napkin
2024-06-25,BOWL-24,13,24oz Salad Bowl
2024-06-25,CLAM-BURG,4,Burger Clamshell
2024-06-25,CUP-12OZ,5,12oz Paper Cup
2024-06-25,CUP-16OZ,7,16oz Paper Cup
2024-06-25,CUP-8OZ,7,8oz Paper Cup
2024-06-25,LID-90,5,90mm Dome Lid
2024-06-25,NAP-33,10,33cm Napkin
2024-06-25,STIR-WD,2,Wooden Stirrer
2024-06-26,BOWL-24,10,24oz Salad Bowl
2024-06-26,CLAM-BURG,1,Burger Clamshell
2024-06-26,CUP-12OZ,5,12oz Paper Cup
2024-06-26,CUP-16OZ,4,16oz Paper Cup
2024-06-26,CUP-8OZ,6,8oz Paper Cup
2024-06-26,LID-90,7,90mm Dome Lid
2024-06-26,NAP-33,9,33cm Napkin
2024-06-27,BOWL-24,6,24oz Salad Bowl
2024-06-27,CLAM-BURG,3,Burger Clamshell
2024-06-27,CUP-12OZ,5,12oz Paper Cup
2024-06-27,CUP-16OZ,3,16oz Paper Cup
2024-06-27,CUP-8OZ,7,8oz Paper Cup
2024-06-27,LID-90,6,90mm Dome Lid
2024-06-27,NAP-33,9,33cm Napkin
2024-06-28,BOWL-24,4,24oz Salad Bowl
2024-06-28,CLAM-BURG,1,Burger Clamshell
2024-06-28,CUP-12OZ,3,12oz Paper Cup
2024-06-28,CUP-16OZ,3,16oz Paper Cup
2024-06-28,CUP-8OZ,3,8oz Paper Cup
2024-06-28,LID-90,4,90mm Dome Lid
2024-06-28,NAP-33,6,33cm Napkin
2024-06-29,BOWL-24,4,24oz Salad Bowl
2024-06-29,CLAM-BURG,5,Burger Clamshell
2024-06-29,CUP-12OZ,5,12oz Paper Cup
2024-06-29,CUP-16OZ,3,16oz Paper Cup
2024-06-29,CUP-8OZ,7,8oz Paper Cup
2024-06-29,LID-90,8,90mm Dome Lid
2024-06-29,NAP-33,11,33cm Napkin
2024-06-29,STIR-WD,3,Wooden Stirrer
2024-06-30,BOWL-24,12,24oz Salad Bowl
2024-06-30,CLAM-BURG,1,Burger Clamshell
2024-06-30,CUP-12OZ,7,12oz Paper Cup
2024-06-30,CUP-16OZ,2,16oz Paper Cup
2024-06-30,CUP-8OZ,7,8oz Paper Cup
2024-06-30,LID-90,8,90mm Dome Lid
2024-06-30,NAP-33,11,33cm Napkin
2024-07-01,BOWL-24,7,24oz Salad Bowl
2024-07-01,CARR-4CUP,2,4-Cup Carrier
2024-07-01,CLAM-BURG,3,Burger Clamshell
2024-07-01,CUP-12OZ,5,12oz Paper Cup
2024-07-01,CUP-16OZ,5,16oz Paper Cup
2024-07-01,CUP-8OZ,8,8oz Paper Cup
2024-07-01,LID-90,9,90mm Dome Lid
2024-07-01,NAP-33,9,33cm Napkin
2024-07-02,BOWL-24,8,24oz Salad Bowl
2024-07-02,CLAM-BURG,7,Burger Clamshell
2024-07-02,CUP-12OZ,6,12oz Paper Cup
2024-07-02,CUP-16OZ,6,16oz Paper Cup
2024-07-02,CUP-8OZ,7,8oz Paper Cup
2024-07-02,LID-90,8,90mm Dome Lid
2024-07-02,NAP-33,8,33cm Napkin
2024-07-03,BOWL-24,16,24oz Salad Bowl
2024-07-03,CLAM-BURG,3,Burger Clamshell
2024-07-03,CUP-12OZ,6,12oz Paper Cup
2024-07-03,CUP-16OZ,4,16oz Paper Cup
2024-07-03,CUP-8OZ,7,8oz Paper Cup
2024-07-03,LID-90,7,90mm Dome Lid
2024-07-03,NAP-33,9,33cm Napkin
2024-07-04,BOWL-24,6,24oz Salad Bowl
2024-07-04,CLAM-BURG,4,Burger Clamshell
2024-07-04,CUP-12OZ,6,12oz Paper Cup
2024-07-04,CUP-16OZ,3,16oz Paper Cup
2024-07-04,CUP-8OZ,7,8oz Paper Cup
2024-07-04,LID-90,8,90mm Dome Lid
2024-07-04,NAP-33,10,33cm Napkin
2024-07-05,BOWL-24,7,24oz Salad Bowl
2024-07-05,CARR-4CUP,1,4-Cup Carrier
2024-07-05,CLAM-BURG,1,Burger Clamshell
2024-07-05,CUP-12OZ,3,12oz Paper Cup
2024-07-05,CUP-16OZ,2,16oz Paper Cup
2024-07-05,CUP-8OZ,4,8oz Paper Cup
2024-07-05,LID-90,4,90mm Dome Lid
2024-07-05,NAP-33,5,33cm Napkin
2024-07-05,SLEEVE-12,10,12oz Cup Sleeve
2024-07-06,BOWL-24,4,24oz Salad Bowl
2024-07-06,CLAM-BURG,3,Burger Clamshell
2024-07-06,CUP-12OZ,7,12oz Paper Cup
2024-07-06,CUP-16OZ,6,16oz Paper Cup
2024-07-06,CUP-8OZ,9,8oz Paper Cup
2024-07-06,LID-90,8,90mm Dome Lid
2024-07-06,NAP-33,9,33cm Napkin
2024-07-07,BOWL-24,9,24oz Salad Bowl
2024-07-07,CLAM-BURG,4,Burger Clamshell
2024-07-07,CUP-12OZ,7,12oz Paper Cup
2024-07-07,CUP-16OZ,3,16oz Paper Cup
2024-07-07,CUP-8OZ,8,8oz Paper Cup
2024-07-07,LID-90,9,90mm Dome Lid
2024-07-07,NAP-33,13,33cm Napkin
2024-07-08,BOWL-24,13,24oz Salad Bowl
2024-07-08,CLAM-BURG,6,Burger Clamshell
2024-07-08,CUP-12OZ,5,12oz Paper Cup
2024-07-08,CUP-16OZ,4,16oz Paper Cup
2024-07-08,CUP-8OZ,7,8oz Paper Cup
2024-07-08,LID-90,7,90mm Dome Lid
2024-07-08,NAP-33,11,33cm Napkin
2024-07-09,BOWL-24,13,24oz Salad Bowl
2024-07-09,CLAM-BURG,5,Burger Clamshell
2024-07-09,CUP-12OZ,5,12oz Paper Cup
2024-07-09,CUP-16OZ,5,16oz Paper Cup
2024-07-09,CUP-8OZ,7,8oz Paper Cup
2024-07-09,LID-90,6,90mm Dome Lid
2024-07-09,NAP-33,10,33cm Napkin
2024-07-09,SLEEVE-12,16,12oz Cup Sleeve
2024-07-10,BOWL-24,15,24oz Salad Bowl
2024-07-10,CLAM-BURG,4,Burger Clamshell
2024-07-10,CUP-12OZ,6,12oz Paper Cup
2024-07-10,CUP-16OZ,5,16oz Paper Cup
2024-07-10,CUP-8OZ,7,8oz Paper Cup
2024-07-10,LID-90,7,90mm Dome Lid
2024-07-10,NAP-33,9,33cm Napkin
2024-07-11,BOWL-24,15,24oz Salad Bowl
2024-07-11,CLAM-BURG,6,Burger Clamshell
2024-07-11,CUP-12OZ,6,12oz Paper Cup
2024-07-11,CUP-16OZ,8,16oz Paper Cup
2024-07-11,CUP-8OZ,6,8oz Paper Cup
2024-07-11,LID-90,8,90mm Dome Lid
2024-07-11,NAP-33,9,33cm Napkin
2024-07-12,BOWL-24,8,24oz Salad Bowl
2024-07-12,CLAM-BURG,1,Burger Clamshell
2024-07-12,CUP-12OZ,3,12oz Paper Cup
2024-07-12,CUP-16OZ,3,16oz Paper Cup
2024-07-12,CUP-8OZ,4,8oz Paper Cup
2024-07-12,LID-90,4,90mm Dome Lid
2024-07-12,NAP-33,6,33cm Napkin
2024-07-13,BOWL-24,23,24oz Salad Bowl
2024-07-13,CLAM-BURG,3,Burger Clamshell
2024-07-13,CUP-12OZ,6,12oz Paper Cup
2024-07-13,CUP-8OZ,7,8oz Paper Cup
2024-07-13,LID-90,8,90mm Dome Lid
2024-07-13,NAP-33,12,33cm Napkin
2024-07-14,BOWL-24,14,24oz Salad Bowl
2024-07-14,CLAM-BURG,3,Burger Clamshell
2024-07-14,CUP-12OZ,6,12oz Paper Cup
2024-07-14,CUP-16OZ,7,16oz Paper Cup
2024-07-14,CUP-8OZ,10,8oz Paper Cup
2024-07-14,LID-90,7,90mm Dome Lid
2024-07-14,NAP-33,11,33cm Napkin
2024-07-15,BOWL-24,16,24oz Salad Bowl
2024-07-15,CLAM-BURG,4,Burger Clamshell
2024-07-15,CUP-12OZ,6,12oz Paper Cup
2024-07-15,CUP-16OZ,3,16oz Paper Cup
2024-07-15,CUP-8OZ,8,8oz Paper Cup
2024-07-15,LID-90,8,90mm Dome Lid
2024-07-15,NAP-33,11,33cm Napkin
2024-07-15,SLEEVE-12,23,12oz Cup Sleeve
2024-07-16,BOWL-24,11,24oz Salad Bowl
2024-07-16,CLAM-BURG,3,Burger Clamshell
2024-07-16,CUP-12OZ,8,12oz Paper Cup
2024-07-16,CUP-16OZ,5,16oz Paper Cup
2024-07-16,CUP-8OZ,7,8oz Paper Cup
2024-07-16,LID-90,7,90mm Dome Lid
2024-07-16,NAP-33,9,33cm Napkin
2024-07-17,BOWL-24,7,24oz Salad Bowl
2024-07-17,CLAM-BURG,6,Burger Clamshell
2024-07-17,CUP-12OZ,5,12oz Paper Cup
2024-07-17,CUP-16OZ,2,16oz Paper Cup
2024-07-17,CUP-8OZ,7,8oz Paper Cup
2024-07-17,LID-90,7,90mm Dome Lid
2024-07-17,NAP-33,9,33cm Napkin
2024-07-17,SLEEVE-12,26,12oz Cup Sleeve
2024-07-18,BOWL-24,14,24oz Salad Bowl
2024-07-18,CLAM-BURG,5,Burger Clamshell
2024-07-18,CUP-12OZ,7,12oz Paper Cup
2024-07-18,CUP-16OZ,5,16oz Paper Cup
2024-07-18,CUP-8OZ,8,8oz Paper Cup
2024-07-18,LID-90,7,90mm Dome Lid
2024-07-18,NAP-33,10,33cm Napkin
2024-07-19,BOWL-24,7,24oz Salad Bowl
2024-07-19,CLAM-BURG,2,Burger Clamshell
2024-07-19,CUP-12OZ,3,12oz Paper Cup
2024-07-19,CUP-16OZ,1,16oz Paper Cup
2024-07-19,CUP-8OZ,4,8oz Paper Cup
2024-07-19,LID-90,4,90mm Dome Lid
2024-07-19,NAP-33,6,33cm Napkin
2024-07-19,SLEEVE-12,17,12oz Cup Sleeve
2024-07-20,BOWL-24,11,24oz Salad Bowl
2024-07-20,CLAM-BURG,3,Burger Clamshell
2024-07-20,CUP-12OZ,7,12oz Paper Cup
2024-07-20,CUP-16OZ,6,16oz Paper Cup
2024-07-20,CUP-8OZ,6,8oz Paper Cup
2024-07-20,LID-90,9,90mm Dome Lid
2024-07-20,NAP-33,11,33cm Napkin
2024-07-21,BOWL-24,8,24oz Salad Bowl
2024-07-21,CLAM-BURG,6,Burger Clamshell
2024-07-21,CUP-12OZ,7,12oz Paper Cup
2024-07-21,CUP-16OZ,8,16oz Paper Cup
2024-07-21,CUP-8OZ,8,8oz Paper Cup
2024-07-21,LID-90,8,90mm Dome Lid
2024-07-21,NAP-33,12,33cm Napkin
2024-07-22,BOWL-24,13,24oz Salad Bowl
2024-07-22,CLAM-BURG,2,Burger Clamshell
2024-07-22,CUP-12OZ,6,12oz Paper Cup
2024-07-22,CUP-16OZ,4,16oz Paper Cup
2024-07-22,CUP-8OZ,7,8oz Paper Cup
2024-07-22,LID-90,7,90mm Dome Lid
2024-07-22,NAP-33,9,33cm Napkin
2024-07-23,BOWL-24,10,24oz Salad Bowl
2024-07-23,CLAM-BURG,5,Burger Clamshell
2024-07-23,CUP-12OZ,7,12oz Paper Cup
2024-07-23,CUP-16OZ,5,16oz Paper Cup
2024-07-23,CUP-8OZ,8,8oz Paper Cup
2024-07-23,LID-90,7,90mm Dome Lid
2024-07-23,NAP-33,11,33cm Napkin
2024-07-24,BOWL-24,9,24oz Salad Bowl
2024-07-24,CARR-4CUP,2,4-Cup Carrier
2024-07-24,CLAM-BURG,4,Burger Clamshell
2024-07-24,CUP-12OZ,6,12oz Paper Cup
2024-07-24,CUP-16OZ,5,16oz Paper Cup
2024-07-24,CUP-8OZ,8,8oz Paper Cup
2024-07-24,LID-90,8,90mm Dome Lid
2024-07-24,NAP-33,8,33cm Napkin
2024-07-24,SLEEVE-12,6,12oz Cup Sleeve
2024-07-25,BOWL-24,16,24oz Salad Bowl
2024-07-25,CARR-4CUP,2,4-Cup Carrier
2024-07-25,CLAM-BURG,1,Burger Clamshell
2024-07-25,CUP-12OZ,6,12oz Paper Cup
2024-07-25,CUP-16OZ,4,16oz Paper Cup
2024-07-25,CUP-8OZ,7,8oz Paper Cup
2024-07-25,LID-90,8,90mm Dome Lid
2024-07-25,NAP-33,10,33cm Napkin
2024-07-26,BOWL-24,5,24oz Salad Bowl
2024-07-26,CLAM-BURG,3,Burger Clamshell
2024-07-26,CUP-12OZ,3,12oz Paper Cup
2024-07-26,CUP-16OZ,1,16oz Paper Cup
2024-07-26,CUP-8OZ,3,8oz Paper Cup
2024-07-26,LID-90,5,90mm Dome Lid
2024-07-26,NAP-33,6,33cm Napkin
2024-07-27,BOWL-24,16,24oz Salad Bowl
2024-07-27,CLAM-BURG,2,Burger Clamshell
2024-07-27,CUP-12OZ,7,12oz Paper Cup
2024-07-27,CUP-16OZ,5,16oz Paper Cup
2024-07-27,CUP-8OZ,8,8oz Paper Cup
2024-07-27,LID-90,8,90mm Dome Lid
2024-07-27,NAP-33,12,33cm Napkin
2024-07-28,BOWL-24,17,24oz Salad Bowl
2024-07-28,CLAM-BURG,6,Burger Clamshell
2024-07-28,CUP-12OZ,6,12oz Paper Cup
2024-07-28,CUP-16OZ,5,16oz Paper Cup
2024-07-28,CUP-8OZ,8,8oz Paper Cup
2024-07-28,LID-90,9,90mm Dome Lid
2024-07-28,NAP-33,11,33cm Napkin
2024-07-29,BOWL-24,14,24oz Salad Bowl
2024-07-29,CLAM-BURG,3,Burger Clamshell
2024-07-29,CUP-12OZ,6,12oz Paper Cup
2024-07-29,CUP-16OZ,2,16oz Paper Cup
2024-07-29,CUP-8OZ,6,8oz Paper Cup
2024-07-29,LID-90,7,90mm Dome Lid
2024-07-29,NAP-33,9,33cm Napkin
2024-07-30,BOWL-24,11,24oz Salad Bowl
2024-07-30,CLAM-BURG,2,Burger Clamshell
2024-07-30,CUP-12OZ,6,12oz Paper Cup
2024-07-30,CUP-16OZ,8,16oz Paper Cup
2024-07-30,CUP-8OZ,8,8oz Paper Cup
2024-07-30,LID-90,7,90mm Dome Lid
2024-07-30,NAP-33,10,33cm Napkin
2024-07-30,SLEEVE-12,18,12oz Cup Sleeve
2024-07-31,BOWL-24,6,24oz Salad Bowl
2024-07-31,CLAM-BURG,4,Burger Clamshell
2024-07-31,CUP-12OZ,6,12oz Paper Cup
2024-07-31,CUP-16OZ,2,16oz Paper Cup
2024-07-31,CUP-8OZ,8,8oz Paper Cup
2024-07-31,LID-90,8,90mm Dome Lid
2024-07-31,NAP-33,9,33cm Napkin
2024-07-31,SLEEVE-12,21,12oz Cup Sleeve
2024-08-01,BOWL-24,16,24oz Salad Bowl
2024-08-01,CLAM-BURG,2,Burger Clamshell
2024-08-01,CUP-12OZ,6,12oz Paper Cup
2024-08-01,CUP-16OZ,4,16oz Paper Cup
2024-08-01,CUP-8OZ,6,8oz Paper Cup
2024-08-01,LID-90,7,90mm Dome Lid
2024-08-01,NAP-33,9,33cm Napkin
2024-08-02,BOWL-24,5,24oz Salad Bowl
2024-08-02,CLAM-BURG,3,Burger Clamshell
2024-08-02,CUP-12OZ,3,12oz Paper Cup
2024-08-02,CUP-16OZ,2,16oz Paper Cup
2024-08-02,CUP-8OZ,4,8oz Paper Cup
2024-08-02,LID-90,4,90mm Dome Lid
2024-08-02,NAP-33,5,33cm Napkin
2024-08-03,BOWL-24,8,24oz Salad Bowl
2024-08-03,CLAM-BURG,2,Burger Clamshell
2024-08-03,CUP-12OZ,6,12oz Paper Cup
2024-08-03,CUP-16OZ,4,16oz Paper Cup
2024-08-03,CUP-8OZ,8,8oz Paper Cup
2024-08-03,LID-90,8,90mm Dome Lid
2024-08-03,NAP-33,9,33cm Napkin
2024-08-04,BOWL-24,15,24oz Salad Bowl
2024-08-04,CLAM-BURG,5,Burger Clamshell
2024-08-04,CUP-12OZ,7,12oz Paper Cup
2024-08-04,CUP-16OZ,4,16oz Paper Cup
2024-08-04,CUP-8OZ,8,8oz Paper Cup
2024-08-04,LID-90,7,90mm Dome Lid
2024-08-04,NAP-33,12,33cm Napkin
2024-08-05,BOWL-24,10,24oz Salad Bowl
2024-08-05,CLAM-BURG,2,Burger Clamshell
2024-08-05,CUP-12OZ,5,12oz Paper Cup
2024-08-05,CUP-16OZ,7,16oz Paper Cup
2024-08-05,CUP-8OZ,7,8oz Paper Cup
2024-08-05,LID-90,7,90mm Dome Lid
2024-08-05,NAP-33,9,33cm Napkin
2024-08-06,BOWL-24,12,24oz Salad Bowl
2024-08-06,CLAM-BURG,3,Burger Clamshell
2024-08-06,CUP-12OZ,5,12oz Paper Cup
2024-08-06,CUP-16OZ,4,16oz Paper Cup
2024-08-06,CUP-8OZ,7,8oz Paper Cup
2024-08-06,LID-90,7,90mm Dome Lid
2024-08-06,NAP-33,10,33cm Napkin
2024-08-07,BOWL-24,5,24oz Salad Bowl
2024-08-07,CLAM-BURG,5,Burger Clamshell
2024-08-07,CUP-12OZ,6,12oz Paper Cup
2024-08-07,CUP-16OZ,4,16oz Paper Cup
2024-08-07,CUP-8OZ,6,8oz Paper Cup
2024-08-07,LID-90,8,90mm Dome Lid
2024-08-07,NAP-33,10,33cm Napkin
2024-08-07,SLEEVE-12,17,12oz Cup Sleeve
2024-08-08,BOWL-24,11,24oz Salad Bowl
2024-08-08,CLAM-BURG,4,Burger Clamshell
2024-08-08,CUP-12OZ,6,12oz Paper Cup
2024-08-08,CUP-16OZ,5,16oz Paper Cup
2024-08-08,CUP-8OZ,6,8oz Paper Cup
2024-08-08,LID-90,7,90mm Dome Lid
2024-08-08,NAP-33,9,33cm Napkin
2024-08-09,BOWL-24,6,24oz Salad Bowl
2024-08-09,CUP-12OZ,3,12oz Paper Cup
2024-08-09,CUP-16OZ,2,16oz Paper Cup
2024-08-09,CUP-8OZ,4,8oz Paper Cup
2024-08-09,LID-90,4,90mm Dome Lid
2024-08-09,NAP-33,5,33cm Napkin
2024-08-10,BOWL-24,9,24oz Salad Bowl
2024-08-10,CLAM-BURG,4,Burger Clamshell
2024-08-10,CUP-12OZ,6,12oz Paper Cup
2024-08-10,CUP-16OZ,1,16oz Paper Cup
2024-08-10,CUP-8OZ,8,8oz Paper Cup
2024-08-10,LID-90,9,90mm Dome Lid
2024-08-10,NAP-33,9,33cm Napkin
2024-08-11,BOWL-24,21,24oz Salad Bowl
2024-08-11,CLAM-BURG,6,Burger Clamshell
2024-08-11,CUP-12OZ,6,12oz Paper Cup
2024-08-11,CUP-16OZ,7,16oz Paper Cup
2024-08-11,CUP-8OZ,6,8oz Paper Cup
2024-08-11,LID-90,8,90mm Dome Lid
2024-08-11,NAP-33,10,33cm Napkin
2024-08-12,BOWL-24,12,24oz Salad Bowl
2024-08-12,CLAM-BURG,6,Burger Clamshell
2024-08-12,CUP-12OZ,5,12oz Paper Cup
2024-08-12,CUP-16OZ,4,16oz Paper Cup
2024-08-12,CUP-8OZ,7,8oz Paper Cup
2024-08-12,LID-90,6,90mm Dome Lid
2024-08-12,NAP-33,9,33cm Napkin
2024-08-13,BOWL-24,6,24oz Salad Bowl
2024-08-13,CLAM-BURG,6,Burger Clamshell
2024-08-13,CUP-12OZ,6,12oz Paper Cup
2024-08-13,CUP-16OZ,6,16oz Paper Cup
2024-08-13,CUP-8OZ,5,8oz Paper Cup
2024-08-13,LID-90,7,90mm Dome Lid
2024-08-13,NAP-33,9,33cm Napkin
2024-08-14,BOWL-24,15,24oz Salad Bowl
2024-08-14,CLAM-BURG,3,Burger Clamshell
2024-08-14,CUP-12OZ,6,12oz Paper Cup
2024-08-14,CUP-16OZ,6,16oz Paper Cup
2024-08-14,CUP-8OZ,6,8oz Paper Cup
2024-08-14,LID-90,7,90mm Dome Lid
2024-08-14,NAP-33,10,33cm Napkin
2024-08-15,BOWL-24,12,24oz Salad Bowl
2024-08-15,CLAM-BURG,3,Burger Clamshell
2024-08-15,CUP-12OZ,6,12oz Paper Cup
2024-08-15,CUP-16OZ,7,16oz Paper Cup
2024-08-15,CUP-8OZ,8,8oz Paper Cup
2024-08-15,LID-90,7,90mm Dome Lid
2024-08-15,NAP-33,9,33cm Napkin
2024-08-15,SLEEVE-12,36,12oz Cup Sleeve
2024-08-16,BOWL-24,4,24oz Salad Bowl
2024-08-16,CLAM-BURG,2,Burger Clamshell
2024-08-16,CUP-12OZ,3,12oz Paper Cup
2024-08-16,CUP-16OZ,3,16oz Paper Cup
2024-08-16,CUP-8OZ,3,8oz Paper Cup
2024-08-16,LID-90,3,90mm Dome Lid
2024-08-16,NAP-33,6,33cm Napkin
2024-08-17,BOWL-24,15,24oz Salad Bowl
2024-08-17,CLAM-BURG,4,Burger Clamshell
2024-08-17,CUP-12OZ,6,12oz Paper Cup
2024-08-17,CUP-16OZ,5,16oz Paper Cup
2024-08-17,CUP-8OZ,7,8oz Paper Cup
2024-08-17,LID-90,7,90mm Dome Lid
2024-08-17,NAP-33,11,33cm Napkin
2024-08-18,BOWL-24,19,24oz Salad Bowl
2024-08-18,CLAM-BURG,3,Burger Clamshell
2024-08-18,CUP-12OZ,6,12oz Paper Cup
2024-08-18,CUP-16OZ,1,16oz Paper Cup
2024-08-18,CUP-8OZ,8,8oz Paper Cup
2024-08-18,LID-90,8,90mm Dome Lid
2024-08-18,NAP-33,11,33cm Napkin
2024-08-19,BOWL-24,8,24oz Salad Bowl
2024-08-19,CLAM-BURG,2,Burger Clamshell
2024-08-19,CUP-12OZ,6,12oz Paper Cup
2024-08-19,CUP-16OZ,5,16oz Paper Cup
2024-08-19,CUP-8OZ,7,8oz Paper Cup
2024-08-19,LID-90,6,90mm Dome Lid
2024-08-19,NAP-33,7,33cm Napkin
2024-08-20,BOWL-24,15,24oz Salad Bowl
2024-08-20,CLAM-BURG,7,Burger Clamshell
2024-08-20,CUP-12OZ,6,12oz Paper Cup
2024-08-20,CUP-16OZ,2,16oz Paper Cup
2024-08-20,CUP-8OZ,6,8oz Paper Cup
2024-08-20,LID-90,7,90mm Dome Lid
2024-08-20,NAP-33,9,33cm Napkin
2024-08-21,BOWL-24,16,24oz Salad Bowl
2024-08-21,CLAM-BURG,2,Burger Clamshell
2024-08-21,CUP-12OZ,5,12oz Paper Cup
2024-08-21,CUP-16OZ,6,16oz Paper Cup
2024-08-21,CUP-8OZ,6,8oz Paper Cup
2024-08-21,LID-90,7,90mm Dome Lid
2024-08-21,NAP-33,10,33cm Napkin
2024-08-22,BOWL-24,10,24oz Salad Bowl
2024-08-22,CLAM-BURG,1,Burger Clamshell
2024-08-22,CUP-12OZ,6,12oz Paper Cup
2024-08-22,CUP-16OZ,3,16oz Paper Cup
2024-08-22,CUP-8OZ,6,8oz Paper Cup
2024-08-22,LID-90,6,90mm Dome Lid
2024-08-22,NAP-33,8,33cm Napkin
2024-08-23,BOWL-24,4,24oz Salad Bowl
2024-08-23,CLAM-BURG,2,Burger Clamshell
2024-08-23,CUP-12OZ,3,12oz Paper Cup
2024-08-23,CUP-16OZ,1,16oz Paper Cup
2024-08-23,CUP-8OZ,4,8oz Paper Cup
2024-08-23,LID-90,4,90mm Dome Lid
2024-08-23,NAP-33,5,33cm Napkin
2024-08-24,BOWL-24,12,24oz Salad Bowl
2024-08-24,CLAM-BURG,3,Burger Clamshell
2024-08-24,CUP-12OZ,6,12oz Paper Cup
2024-08-24,CUP-16OZ,4,16oz Paper Cup
2024-08-24,CUP-8OZ,8,8oz Paper Cup
2024-08-24,LID-90,6,90mm Dome Lid
2024-08-24,NAP-33,10,33cm Napkin
2024-08-25,BOWL-24,15,24oz Salad Bowl
2024-08-25,CLAM-BURG,3,Burger Clamshell
2024-08-25,CUP-12OZ,6,12oz Paper Cup
2024-08-25,CUP-16OZ,4,16oz Paper Cup
2024-08-25,CUP-8OZ,7,8oz Paper Cup
2024-08-25,LID-90,6,90mm Dome Lid
2024-08-25,NAP-33,10,33cm Napkin
2024-08-25,SLEEVE-12,9,12oz Cup Sleeve
2024-08-26,BOWL-24,19,24oz Salad Bowl
2024-08-26,CLAM-BURG,3,Burger Clamshell
2024-08-26,CUP-12OZ,6,12oz Paper Cup
2024-08-26,CUP-16OZ,4,16oz Paper Cup
2024-08-26,CUP-8OZ,6,8oz Paper Cup
2024-08-26,LID-90,6,90mm Dome Lid
2024-08-26,NAP-33,9,33cm Napkin
2024-08-27,BOWL-24,13,24oz Salad Bowl
2024-08-27,CLAM-BURG,2,Burger Clamshell
2024-08-27,CUP-12OZ,5,12oz Paper Cup
2024-08-27,CUP-16OZ,5,16oz Paper Cup
2024-08-27,CUP-8OZ,6,8oz Paper Cup
2024-08-27,LID-90,7,90mm Dome Lid
2024-08-27,NAP-33,9,33cm Napkin
2024-08-28,BOWL-24,8,24oz Salad Bowl
2024-08-28,CLAM-BURG,5,Burger Clamshell
2024-08-28,CUP-12OZ,6,12oz Paper Cup
2024-08-28,CUP-16OZ,6,16oz Paper Cup
2024-08-28,CUP-8OZ,6,8oz Paper Cup
2024-08-28,LID-90,7,90mm Dome Lid
2024-08-28,NAP-33,9,33cm Napkin
2024-08-29,BOWL-24,8,24oz Salad Bowl
2024-08-29,CLAM-BURG,4,Burger Clamshell
2024-08-29,CUP-12OZ,6,12oz Paper Cup
2024-08-29,CUP-16OZ,4,16oz Paper Cup
2024-08-29,CUP-8OZ,7,8oz Paper Cup
2024-08-29,LID-90,7,90mm Dome Lid
2024-08-29,NAP-33,10,33cm Napkin
2024-08-30,BOWL-24,7,24oz Salad Bowl
2024-08-30,CLAM-BURG,1,Burger Clamshell
2024-08-30,CUP-12OZ,3,12oz Paper Cup
2024-08-30,CUP-16OZ,3,16oz Paper Cup
2024-08-30,CUP-8OZ,4,8oz Paper Cup
2024-08-30,LID-90,4,90mm Dome Lid
2024-08-30,NAP-33,5,33cm Napkin
2024-08-31,BOWL-24,9,24oz Salad Bowl
2024-08-31,CLAM-BURG,3,Burger Clamshell
2024-08-31,CUP-12OZ,7,12oz Paper Cup
2024-08-31,CUP-16OZ,5,16oz Paper Cup
2024-08-31,CUP-8OZ,9,8oz Paper Cup
2024-08-31,LID-90,8,90mm Dome Lid
2024-08-31,NAP-33,10,33cm Napkin
2024-09-01,BOWL-24,12,24oz Salad Bowl
2024-09-01,CARR-4CUP,2,4-Cup Carrier
2024-09-01,CLAM-BURG,3,Burger Clamshell
2024-09-01,CUP-12OZ,5,12oz Paper Cup
2024-09-01,CUP-16OZ,1,16oz Paper Cup
2024-09-01,CUP-8OZ,6,8oz Paper Cup
2024-09-01,LID-90,6,90mm Dome Lid
2024-09-01,NAP-33,9,33cm Napkin
2024-09-02,BOWL-24,9,24oz Salad Bowl
2024-09-02,CARR-4CUP,1,4-Cup Carrier
2024-09-02,CLAM-BURG,3,Burger Clamshell
2024-09-02,CUP-12OZ,5,12oz Paper Cup
2024-09-02,CUP-16OZ,2,16oz Paper Cup
2024-09-02,CUP-8OZ,6,8oz Paper Cup
2024-09-02,LID-90,5,90mm Dome Lid
2024-09-02,NAP-33,8,33cm Napkin
2024-09-02,SLEEVE-12,18,12oz Cup Sleeve
2024-09-03,BOWL-24,8,24oz Salad Bowl
2024-09-03,CARR-4CUP,1,4-Cup Carrier
2024-09-03,CLAM-BURG,3,Burger Clamshell
2024-09-03,CUP-12OZ,5,12oz Paper Cup
2024-09-03,CUP-16OZ,3,16oz Paper Cup
2024-09-03,CUP-8OZ,5,8oz Paper Cup
2024-09-03,LID-90,6,90mm Dome Lid
2024-09-03,NAP-33,8,33cm Napkin
2024-09-04,BOWL-24,5,24oz Salad Bowl
2024-09-04,CARR-4CUP,1,4-Cup Carrier
2024-09-04,CLAM-BURG,1,Burger Clamshell
2024-09-04,CUP-12OZ,3,12oz Paper Cup
2024-09-04,CUP-16OZ,3,16oz Paper Cup
2024-09-04,CUP-8OZ,6,8oz Paper Cup
2024-09-04,LID-90,6,90mm Dome Lid
2024-09-04,NAP-33,9,33cm Napkin
2024-09-05,BOWL-24,12,24oz Salad Bowl
2024-09-05,CLAM-BURG,2,Burger Clamshell
2024-09-05,CUP-12OZ,5,12oz Paper Cup
2024-09-05,CUP-16OZ,4,16oz Paper Cup
2024-09-05,CUP-8OZ,6,8oz Paper Cup
2024-09-05,LID-90,5,90mm Dome Lid
2024-09-05,NAP-33,9,33cm Napkin
2024-09-06,BOWL-24,3,24oz Salad Bowl
2024-09-06,CARR-4CUP,1,4-Cup Carrier
2024-09-06,CLAM-BURG,1,Burger Clamshell
2024-09-06,CUP-12OZ,3,12oz Paper Cup
2024-09-06,CUP-16OZ,1,16oz Paper Cup
2024-09-06,CUP-8OZ,3,8oz Paper Cup
2024-09-06,LID-90,3,90mm Dome Lid
2024-09-06,NAP-33,5,33cm Napkin
2024-09-07,BOWL-24,7,24oz Salad Bowl
2024-09-07,CLAM-BURG,2,Burger Clamshell
2024-09-07,CUP-12OZ,6,12oz Paper Cup
2024-09-07,CUP-16OZ,2,16oz Paper Cup
2024-09-07,CUP-8OZ,6,8oz Paper Cup
2024-09-07,LID-90,7,90mm Dome Lid
2024-09-07,NAP-33,8,33cm Napkin
2024-09-08,BOWL-24,8,24oz Salad Bowl
2024-09-08,CLAM-BURG,5,Burger Clamshell
2024-09-08,CUP-12OZ,5,12oz Paper Cup
2024-09-08,CUP-16OZ,5,16oz Paper Cup
2024-09-08,CUP-8OZ,7,8oz Paper Cup
2024-09-08,LID-90,7,90mm Dome Lid
2024-09-08,NAP-33,9,33cm Napkin
2024-09-09,BOWL-24,5,24oz Salad Bowl
2024-09-09,CLAM-BURG,2,Burger Clamshell
2024-09-09,CUP-12OZ,5,12oz Paper Cup
2024-09-09,CUP-16OZ,3,16oz Paper Cup
2024-09-09,CUP-8OZ,6,8oz Paper Cup
2024-09-09,LID-90,5,90mm Dome Lid
2024-09-09,NAP-33,8,33cm Napkin
2024-09-10,BOWL-24,13,24oz Salad Bowl
2024-09-10,CARR-4CUP,1,4-Cup Carrier
2024-09-10,CLAM-BURG,1,Burger Clamshell
2024-09-10,CUP-12OZ,5,12oz Paper Cup
2024-09-10,CUP-16OZ,6,16oz Paper Cup
2024-09-10,CUP-8OZ,6,8oz Paper Cup
2024-09-10,LID-90,6,90mm Dome Lid
2024-09-10,NAP-33,8,33cm Napkin
2024-09-11,BOWL-24,14,24oz Salad Bowl
2024-09-11,CLAM-BURG,2,Burger Clamshell
2024-09-11,CUP-12OZ,4,12oz Paper Cup
2024-09-11,CUP-16OZ,2,16oz Paper Cup
2024-09-11,CUP-8OZ,6,8oz Paper Cup
2024-09-11,LID-90,6,90mm Dome Lid
2024-09-11,NAP-33,8,33cm Napkin
2024-09-12,BOWL-24,10,24oz Salad Bowl
2024-09-12,CLAM-BURG,3,Burger Clamshell
2024-09-12,CUP-12OZ,5,12oz Paper Cup
2024-09-12,CUP-16OZ,2,16oz Paper Cup
2024-09-12,CUP-8OZ,5,8oz Paper Cup
2024-09-12,LID-90,5,90mm Dome Lid
2024-09-12,NAP-33,8,33cm Napkin
2024-09-13,BOWL-24,7,24oz Salad Bowl
2024-09-13,CARR-4CUP,1,4-Cup Carrier
2024-09-13,CLAM-BURG,2,Burger Clamshell
2024-09-13,CUP-12OZ,3,12oz Paper Cup
2024-09-13,CUP-16OZ,4,16oz Paper Cup
2024-09-13,CUP-8OZ,3,8oz Paper Cup
2024-09-13,LID-90,3,90mm Dome Lid
2024-09-13,NAP-33,5,33cm Napkin
2024-09-14,BOWL-24,11,24oz Salad Bowl
2024-09-14,CARR-4CUP,1,4-Cup Carrier
2024-09-14,CLAM-BURG,1,Burger Clamshell
2024-09-14,CUP-12OZ,5,12oz Paper Cup
2024-09-14,CUP-16OZ,1,16oz Paper Cup
2024-09-14,CUP-8OZ,6,8oz Paper Cup
2024-09-14,LID-90,7,90mm Dome Lid
2024-09-14,NAP-33,10,33cm Napkin
2024-09-15,BOWL-24,8,24oz Salad Bowl
2024-09-15,CLAM-BURG,3,Burger Clamshell
2024-09-15,CUP-12OZ,5,12oz Paper Cup
2024-09-15,CUP-16OZ,1,16oz Paper Cup
2024-09-15,CUP-8OZ,6,8oz Paper Cup
2024-09-15,LID-90,6,90mm Dome Lid
2024-09-15,NAP-33,8,33cm Napkin
2024-09-16,BOWL-24,8,24oz Salad Bowl
2024-09-16,CLAM-BURG,5,Burger Clamshell
2024-09-16,CUP-12OZ,4,12oz Paper Cup
2024-09-16,CUP-16OZ,3,16oz Paper Cup
2024-09-16,CUP-8OZ,5,8oz Paper Cup
2024-09-16,LID-90,6,90mm Dome Lid
2024-09-16,NAP-33,8,33cm Napkin
2024-09-17,BOWL-24,2,24oz Salad Bowl
2024-09-17,CLAM-BURG,2,Burger Clamshell
2024-09-17,CUP-12OZ,6,12oz Paper Cup
2024-09-17,CUP-16OZ,2,16oz Paper Cup
2024-09-17,CUP-8OZ,5,8oz Paper Cup
2024-09-17,LID-90,5,90mm Dome Lid
2024-09-17,NAP-33,7,33cm Napkin
2024-09-18,BOWL-24,4,24oz Salad Bowl
2024-09-18,CLAM-BURG,6,Burger Clamshell
2024-09-18,CUP-12OZ,5,12oz Paper Cup
2024-09-18,CUP-16OZ,3,16oz Paper Cup
2024-09-18,CUP-8OZ,5,8oz Paper Cup
2024-09-18,LID-90,6,90mm Dome Lid
2024-09-18,NAP-33,7,33cm Napkin
2024-09-19,BOWL-24,15,24oz Salad Bowl
2024-09-19,CARR-4CUP,2,4-Cup Carrier
2024-09-19,CLAM-BURG,4,Burger Clamshell
2024-09-19,CUP-12OZ,4,12oz Paper Cup
2024-09-19,CUP-16OZ,5,16oz Paper Cup
2024-09-19,CUP-8OZ,6,8oz Paper Cup
2024-09-19,LID-90,6,90mm Dome Lid
2024-09-19,NAP-33,6,33cm Napkin
2024-09-20,BOWL-24,6,24oz Salad Bowl
2024-09-20,CARR-4CUP,1,4-Cup Carrier
2024-09-20,CLAM-BURG,1,Burger Clamshell
2024-09-20,CUP-12OZ,2,12oz Paper Cup
2024-09-20,CUP-16OZ,2,16oz Paper Cup
2024-09-20,CUP-8OZ,3,8oz Paper Cup
2024-09-20,LID-90,3,90mm Dome Lid
2024-09-20,NAP-33,5,33cm Napkin
2024-09-21,BOWL-24,13,24oz Salad Bowl
2024-09-21,CLAM-BURG,3,Burger Clamshell
2024-09-21,CUP-12OZ,5,12oz Paper Cup
2024-09-21,CUP-16OZ,4,16oz Paper Cup
2024-09-21,CUP-8OZ,6,8oz Paper Cup
2024-09-21,LID-90,7,90mm Dome Lid
2024-09-21,NAP-33,7,33cm Napkin
2024-09-22,BOWL-24,14,24oz Salad Bowl
2024-09-22,CARR-4CUP,1,4-Cup Carrier
2024-09-22,CLAM-BURG,3,Burger Clamshell
2024-09-22,CUP-12OZ,5,12oz Paper Cup
2024-09-22,CUP-16OZ,5,16oz Paper Cup
2024-09-22,CUP-8OZ,7,8oz Paper Cup
2024-09-22,LID-90,6,90mm Dome Lid
2024-09-22,NAP-33,9,33cm Napkin
2024-09-23,BOWL-24,8,24oz Salad Bowl
2024-09-23,CARR-4CUP,1,4-Cup Carrier
2024-09-23,CLAM-BURG,1,Burger Clamshell
2024-09-23,CUP-12OZ,4,12oz Paper Cup
2024-09-23,CUP-16OZ,2,16oz Paper Cup
2024-09-23,CUP-8OZ,6,8oz Paper Cup
2024-09-23,LID-90,6,90mm Dome Lid
2024-09-23,NAP-33,6,33cm Napkin
2024-09-24,BOWL-24,11,24oz Salad Bowl
2024-09-24,CLAM-BURG,4,Burger Clamshell
2024-09-24,CUP-12OZ,5,12oz Paper Cup
2024-09-24,CUP-16OZ,1,16oz Paper Cup
2024-09-24,CUP-8OZ,5,8oz Paper Cup
2024-09-24,LID-90,5,90mm Dome Lid
2024-09-24,NAP-33,7,33cm Napkin
2024-09-24,SLEEVE-12,18,12oz Cup Sleeve
2024-09-25,BOWL-24,6,24oz Salad Bowl
2024-09-25,CLAM-BURG,2,Burger Clamshell
2024-09-25,CUP-12OZ,5,12oz Paper Cup
2024-09-25,CUP-16OZ,4,16oz Paper Cup
2024-09-25,CUP-8OZ,5,8oz Paper Cup
2024-09-25,LID-90,6,90mm Dome Lid
2024-09-25,NAP-33,7,33cm Napkin
2024-09-26,BOWL-24,6,24oz Salad Bowl
2024-09-26,CARR-4CUP,2,4-Cup Carrier
2024-09-26,CLAM-BURG,3,Burger Clamshell
2024-09-26,CUP-12OZ,5,12oz Paper Cup
2024-09-26,CUP-16OZ,3,16oz Paper Cup
2024-09-26,CUP-8OZ,6,8oz Paper Cup
2024-09-26,LID-90,5,90mm Dome Lid
2024-09-26,NAP-33,6,33cm Napkin
2024-09-27,BOWL-24,3,24oz Salad Bowl
2024-09-27,CLAM-BURG,2,Burger Clamshell
2024-09-27,CUP-12OZ,3,12oz Paper Cup
2024-09-27,CUP-16OZ,2,16oz Paper Cup
2024-09-27,CUP-8OZ,3,8oz Paper Cup
2024-09-27,LID-90,3,90mm Dome Lid
2024-09-27,NAP-33,4,33cm Napkin
2024-09-28,BOWL-24,8,24oz Salad Bowl
2024-09-28,CLAM-BURG,2,Burger Clamshell
2024-09-28,CUP-12OZ,5,12oz Paper Cup
2024-09-28,CUP-16OZ,3,16oz Paper Cup
2024-09-28,CUP-8OZ,6,8oz Paper Cup
2024-09-28,LID-90,6,90mm Dome Lid
2024-09-28,NAP-33,8,33cm Napkin
2024-09-28,SLEEVE-12,25,12oz Cup Sleeve
2024-09-29,BOWL-24,3,24oz Salad Bowl
2024-09-29,CARR-4CUP,1,4-Cup Carrier
2024-09-29,CLAM-BURG,3,Burger Clamshell
2024-09-29,CUP-12OZ,6,12oz Paper Cup
2024-09-29,CUP-16OZ,3,16oz Paper Cup
2024-09-29,CUP-8OZ,7,8oz Paper Cup
2024-09-29,LID-90,6,90mm Dome Lid
2024-09-29,NAP-33,8,33cm Napkin
2024-09-30,BOWL-24,7,24oz Salad Bowl
2024-09-30,CLAM-BURG,2,Burger Clamshell
2024-09-30,CUP-12OZ,4,12oz Paper Cup
2024-09-30,CUP-16OZ,3,16oz Paper Cup
2024-09-30,CUP-8OZ,5,8oz Paper Cup
2024-09-30,LID-90,5,90mm Dome Lid
2024-09-30,NAP-33,6,33cm Napkin
2024-09-30,SLEEVE-12,15,12oz Cup Sleeve
2024-10-01,BOWL-24,3,24oz Salad Bowl
2024-10-01,CARR-4CUP,2,4-Cup Carrier
2024-10-01,CLAM-BURG,3,Burger Clamshell
2024-10-01,CUP-12OZ,5,12oz Paper Cup
2024-10-01,CUP-16OZ,4,16oz Paper Cup
2024-10-01,CUP-8OZ,6,8oz Paper Cup
2024-10-01,LID-90,5,90mm Dome Lid
2024-10-01,NAP-33,8,33cm Napkin
2024-10-02,BOWL-24,9,24oz Salad Bowl
2024-10-02,CLAM-BURG,3,Burger Clamshell
2024-10-02,CUP-12OZ,5,12oz Paper Cup
2024-10-02,CUP-16OZ,4,16oz Paper Cup
2024-10-02,CUP-8OZ,6,8oz Paper Cup
2024-10-02,LID-90,5,90mm Dome Lid
2024-10-02,NAP-33,7,33cm Napkin
2024-10-03,BOWL-24,13,24oz Salad Bowl
2024-10-03,CLAM-BURG,3,Burger Clamshell
2024-10-03,CUP-12OZ,5,12oz Paper Cup
2024-10-03,CUP-16OZ,4,16oz Paper Cup
2024-10-03,CUP-8OZ,5,8oz Paper Cup
2024-10-03,LID-90,6,90mm Dome Lid
2024-10-03,NAP-33,7,33cm Napkin
2024-10-04,BOWL-24,5,24oz Salad Bowl
2024-10-04,CLAM-BURG,2,Burger Clamshell
2024-10-04,CUP-12OZ,3,12oz Paper Cup
2024-10-04,CUP-8OZ,3,8oz Paper Cup
2024-10-04,LID-90,3,90mm Dome Lid
2024-10-04,NAP-33,5,33cm Napkin
2024-10-05,BOWL-24,3,24oz Salad Bowl
2024-10-05,CLAM-BURG,3,Burger Clamshell
2024-10-05,CUP-12OZ,5,12oz Paper Cup
2024-10-05,CUP-16OZ,3,16oz Paper Cup
2024-10-05,CUP-8OZ,6,8oz Paper Cup
2024-10-05,LID-90,6,90mm Dome Lid
2024-10-05,NAP-33,8,33cm Napkin
2024-10-06,BOWL-24,11,24oz Salad Bowl
2024-10-06,CLAM-BURG,3,Burger Clamshell
2024-10-06,CUP-12OZ,4,12oz Paper Cup
2024-10-06,CUP-16OZ,3,16oz Paper Cup
2024-10-06,CUP-8OZ,7,8oz Paper Cup
2024-10-06,LID-90,6,90mm Dome Lid
2024-10-06,NAP-33,9,33cm Napkin
2024-10-07,BOWL-24,12,24oz Salad Bowl
2024-10-07,CLAM-BURG,2,Burger Clamshell
2024-10-07,CUP-12OZ,4,12oz Paper Cup
2024-10-07,CUP-16OZ,2,16oz Paper Cup
2024-10-07,CUP-8OZ,5,8oz Paper Cup
2024-10-07,LID-90,6,90mm Dome Lid
2024-10-07,NAP-33,9,33cm Napkin
2024-10-08,BOWL-24,17,24oz Salad Bowl
2024-10-08,CLAM-BURG,4,Burger Clamshell
2024-10-08,CUP-12OZ,5,12oz Paper Cup
2024-10-08,CUP-16OZ,2,16oz Paper Cup
2024-10-08,CUP-8OZ,5,8oz Paper Cup
2024-10-08,LID-90,6,90mm Dome Lid
2024-10-08,NAP-33,8,33cm Napkin
2024-10-09,BOWL-24,9,24oz Salad Bowl
2024-10-09,CARR-4CUP,2,4-Cup Carrier
2024-10-09,CLAM-BURG,2,Burger Clamshell
2024-10-09,CUP-12OZ,4,12oz Paper Cup
2024-10-09,CUP-16OZ,4,16oz Paper Cup
2024-10-09,CUP-8OZ,6,8oz Paper Cup
2024-10-09,LID-90,6,90mm Dome Lid
2024-10-09,NAP-33,8,33cm Napkin
2024-10-10,BOWL-24,7,24oz Salad Bowl
2024-10-10,CARR-4CUP,3,4-Cup Carrier
2024-10-10,CLAM-BURG,2,Burger Clamshell
2024-10-10,CUP-12OZ,4,12oz Paper Cup
2024-10-10,CUP-8OZ,6,8oz Paper Cup
2024-10-10,LID-90,5,90mm Dome Lid
2024-10-10,NAP-33,8,33cm Napkin
2024-10-11,BOWL-24,3,24oz Salad Bowl
2024-10-11,CLAM-BURG,1,Burger Clamshell
2024-10-11,CUP-12OZ,3,12oz Paper Cup
2024-10-11,CUP-16OZ,2,16oz Paper Cup
2024-10-11,CUP-8OZ,3,8oz Paper Cup
2024-10-11,LID-90,3,90mm Dome Lid
2024-10-11,NAP-33,4,33cm Napkin
2024-10-12,BOWL-24,7,24oz Salad Bowl
2024-10-12,CLAM-BURG,4,Burger Clamshell
2024-10-12,CUP-12OZ,6,12oz Paper Cup
2024-10-12,CUP-16OZ,5,16oz Paper Cup
2024-10-12,CUP-8OZ,7,8oz Paper Cup
2024-10-12,LID-90,7,90mm Dome Lid
2024-10-12,NAP-33,9,33cm Napkin
2024-10-13,BOWL-24,7,24oz Salad Bowl
2024-10-13,CARR-4CUP,1,4-Cup Carrier
2024-10-13,CLAM-BURG,2,Burger Clamshell
2024-10-13,CUP-12OZ,4,12oz Paper Cup
2024-10-13,CUP-16OZ,5,16oz Paper Cup
2024-10-13,CUP-8OZ,6,8oz Paper Cup
2024-10-13,LID-90,6,90mm Dome Lid
2024-10-13,NAP-33,8,33cm Napkin
2024-10-14,BOWL-24,3,24oz Salad Bowl
2024-10-14,CLAM-BURG,3,Burger Clamshell
2024-10-14,CUP-12OZ,5,12oz Paper Cup
2024-10-14,CUP-16OZ,2,16oz Paper Cup
2024-10-14,CUP-8OZ,5,8oz Paper Cup
2024-10-14,LID-90,5,90mm Dome Lid
2024-10-14,NAP-33,7,33cm Napkin
2024-10-15,BOWL-24,6,24oz Salad Bowl
2024-10-15,CARR-4CUP,1,4-Cup Carrier
2024-10-15,CLAM-BURG,2,Burger Clamshell
2024-10-15,CUP-12OZ,5,12oz Paper Cup
2024-10-15,CUP-16OZ,1,16oz Paper Cup
2024-10-15,CUP-8OZ,5,8oz Paper Cup
2024-10-15,LID-90,6,90mm Dome Lid
2024-10-15,NAP-33,8,33cm Napkin
2024-10-16,BOWL-24,14,24oz Salad Bowl
2024-10-16,CLAM-BURG,5,Burger Clamshell
2024-10-16,CUP-12OZ,5,12oz Paper Cup
2024-10-16,CUP-16OZ,1,16oz Paper Cup
2024-10-16,CUP-8OZ,5,8oz Paper Cup
2024-10-16,LID-90,6,90mm Dome Lid
2024-10-16,NAP-33,8,33cm Napkin
2024-10-17,BOWL-24,1,24oz Salad Bowl
2024-10-17,CARR-4CUP,2,4-Cup Carrier
2024-10-17,CLAM-BURG,2,Burger Clamshell
2024-10-17,CUP-12OZ,4,12oz Paper Cup
2024-10-17,CUP-16OZ,3,16oz Paper Cup
2024-10-17,CUP-8OZ,6,8oz Paper Cup
2024-10-17,LID-90,6,90mm Dome Lid
2024-10-17,NAP-33,9,33cm Napkin
2024-10-18,BOWL-24,3,24oz Salad Bowl
2024-10-18,CLAM-BURG,2,Burger Clamshell
2024-10-18,CUP-12OZ,2,12oz Paper Cup
2024-10-18,CUP-16OZ,3,16oz Paper Cup
2024-10-18,CUP-8OZ,3,8oz Paper Cup
2024-10-18,LID-90,3,90mm Dome Lid
2024-10-18,NAP-33,4,33cm Napkin
2024-10-19,BOWL-24,5,24oz Salad Bowl
2024-10-19,CARR-4CUP,1,4-Cup Carrier
2024-10-19,CLAM-BURG,5,Burger Clamshell
2024-10-19,CUP-12OZ,5,12oz Paper Cup
2024-10-19,CUP-16OZ,2,16oz Paper Cup
2024-10-19,CUP-8OZ,6,8oz Paper Cup
2024-10-19,LID-90,6,90mm Dome Lid
2024-10-19,NAP-33,7,33cm Napkin
2024-10-20,BOWL-24,7,24oz Salad Bowl
2024-10-20,CLAM-BURG,4,Burger Clamshell
2024-10-20,CUP-12OZ,5,12oz Paper Cup
2024-10-20,CUP-16OZ,4,16oz Paper Cup
2024-10-20,CUP-8OZ,6,8oz Paper Cup
2024-10-20,LID-90,6,90mm Dome Lid
2024-10-20,NAP-33,9,33cm Napkin
2024-10-21,BOWL-24,8,24oz Salad Bowl
2024-10-21,CARR-4CUP,1,4-Cup Carrier
2024-10-21,CLAM-BURG,4,Burger Clamshell
2024-10-21,CUP-12OZ,5,12oz Paper Cup
2024-10-21,CUP-16OZ,5,16oz Paper Cup
2024-10-21,CUP-8OZ,5,8oz Paper Cup
2024-10-21,LID-90,6,90mm Dome Lid
2024-10-21,NAP-33,7,33cm Napkin
2024-10-22,BOWL-24,15,24oz Salad Bowl
2024-10-22,CARR-4CUP,2,4-Cup Carrier
2024-10-22,CLAM-BURG,2,Burger Clamshell
2024-10-22,CUP-12OZ,4,12oz Paper Cup
2024-10-22,CUP-16OZ,5,16oz Paper Cup
2024-10-22,CUP-8OZ,5,8oz Paper Cup
2024-10-22,LID-90,6,90mm Dome Lid
2024-10-22,NAP-33,7,33cm Napkin
2024-10-23,BOWL-24,10,24oz Salad Bowl
2024-10-23,CLAM-BURG,4,Burger Clamshell
2024-10-23,CUP-12OZ,4,12oz Paper Cup
2024-10-23,CUP-16OZ,3,16oz Paper Cup
2024-10-23,CUP-8OZ,6,8oz Paper Cup
2024-10-23,LID-90,5,90mm Dome Lid
2024-10-23,NAP-33,8,33cm Napkin
2024-10-24,BOWL-24,15,24oz Salad Bowl
2024-10-24,CLAM-BURG,2,Burger Clamshell
2024-10-24,CUP-12OZ,4,12oz Paper Cup
2024-10-24,CUP-16OZ,4,16oz Paper Cup
2024-10-24,CUP-8OZ,5,8oz Paper Cup
2024-10-24,LID-90,6,90mm Dome Lid
2024-10-24,NAP-33,8,33cm Napkin
2024-10-25,BOWL-24,4,24oz Salad Bowl
2024-10-25,CARR-4CUP,1,4-Cup Carrier
2024-10-25,CLAM-BURG,2,Burger Clamshell
2024-10-25,CUP-12OZ,3,12oz Paper Cup
2024-10-25,CUP-16OZ,3,16oz Paper Cup
2024-10-25,CUP-8OZ,3,8oz Paper Cup
2024-10-25,LID-90,3,90mm Dome Lid
2024-10-25,NAP-33,4,33cm Napkin
2024-10-26,BOWL-24,11,24oz Salad Bowl
2024-10-26,CARR-4CUP,1,4-Cup Carrier
2024-10-26,CLAM-BURG,3,Burger Clamshell
2024-10-26,CUP-12OZ,5,12oz Paper Cup
2024-10-26,CUP-16OZ,4,16oz Paper Cup
2024-10-26,CUP-8OZ,6,8oz Paper Cup
2024-10-26,LID-90,7,90mm Dome Lid
2024-10-26,NAP-33,10,33cm Napkin
2024-10-27,BOWL-24,14,24oz Salad Bowl
2024-10-27,CARR-4CUP,2,4-Cup Carrier
2024-10-27,CLAM-BURG,4,Burger Clamshell
2024-10-27,CUP-12OZ,4,12oz Paper Cup
2024-10-27,CUP-16OZ,4,16oz Paper Cup
2024-10-27,CUP-8OZ,6,8oz Paper Cup
2024-10-27,LID-90,6,90mm Dome Lid
2024-10-27,NAP-33,8,33cm Napkin
2024-10-28,BOWL-24,9,24oz Salad Bowl
2024-10-28,CARR-4CUP,1,4-Cup Carrier
2024-10-28,CLAM-BURG,3,Burger Clamshell
2024-10-28,CUP-12OZ,4,12oz Paper Cup
2024-10-28,CUP-16OZ,2,16oz Paper Cup
2024-10-28,CUP-8OZ,5,8oz Paper Cup
2024-10-28,LID-90,5,90mm Dome Lid
2024-10-28,NAP-33,7,33cm Napkin
2024-10-29,BOWL-24,11,24oz Salad Bowl
2024-10-29,CLAM-BURG,2,Burger Clamshell
2024-10-29,CUP-12OZ,5,12oz Paper Cup
2024-10-29,CUP-16OZ,3,16oz Paper Cup
2024-10-29,CUP-8OZ,5,8oz Paper Cup
2024-10-29,LID-90,5,90mm Dome Lid
2024-10-29,NAP-33,7,33cm Napkin
2024-10-30,BOWL-24,10,24oz Salad Bowl
2024-10-30,CLAM-BURG,3,Burger Clamshell
2024-10-30,CUP-12OZ,4,12oz Paper Cup
2024-10-30,CUP-16OZ,3,16oz Paper Cup
2024-10-30,CUP-8OZ,6,8oz Paper Cup
2024-10-30,LID-90,5,90mm Dome Lid
2024-10-30,NAP-33,8,33cm Napkin
2024-10-31,CLAM-BURG,2,Burger Clamshell
2024-10-31,CUP-12OZ,5,12oz Paper Cup
2024-10-31,CUP-16OZ,1,16oz Paper Cup
2024-10-31,CUP-8OZ,6,8oz Paper Cup
2024-10-31,LID-90,5,90mm Dome Lid
2024-10-31,NAP-33,7,33cm Napkin
2024-11-01,BOWL-24,8,24oz Salad Bowl
2024-11-01,CLAM-BURG,3,Burger Clamshell
2024-11-01,CUP-12OZ,3,12oz Paper Cup
2024-11-01,CUP-16OZ,1,16oz Paper Cup
2024-11-01,CUP-8OZ,2,8oz Paper Cup
2024-11-01,LID-90,3,90mm Dome Lid
2024-11-01,NAP-33,4,33cm Napkin
2024-11-02,BOWL-24,10,24oz Salad Bowl
2024-11-02,CLAM-BURG,3,Burger Clamshell
2024-11-02,CUP-12OZ,5,12oz Paper Cup
2024-11-02,CUP-16OZ,6,16oz Paper Cup
2024-11-02,CUP-8OZ,6,8oz Paper Cup
2024-11-02,LID-90,6,90mm Dome Lid
2024-11-02,NAP-33,7,33cm Napkin
2024-11-03,BOWL-24,8,24oz Salad Bowl
2024-11-03,CLAM-BURG,2,Burger Clamshell
2024-11-03,CUP-12OZ,6,12oz Paper Cup
2024-11-03,CUP-16OZ,2,16oz Paper Cup
2024-11-03,CUP-8OZ,7,8oz Paper Cup
2024-11-03,LID-90,6,90mm Dome Lid
2024-11-03,NAP-33,9,33cm Napkin
2024-11-04,BOWL-24,3,24oz Salad Bowl
2024-11-04,CLAM-BURG,1,Burger Clamshell
2024-11-04,CUP-12OZ,5,12oz Paper Cup
2024-11-04,CUP-16OZ,2,16oz Paper Cup
2024-11-04,CUP-8OZ,5,8oz Paper Cup
2024-11-04,LID-90,5,90mm Dome Lid
2024-11-04,NAP-33,7,33cm Napkin
2024-11-05,BOWL-24,10,24oz Salad Bowl
2024-11-05,CLAM-BURG,5,Burger Clamshell
2024-11-05,CUP-12OZ,5,12oz Paper Cup
2024-11-05,CUP-16OZ,2,16oz Paper Cup
2024-11-05,CUP-8OZ,5,8oz Paper Cup
2024-11-05,LID-90,6,90mm Dome Lid
2024-11-05,NAP-33,9,33cm Napkin
2024-11-06,BOWL-24,11,24oz Salad Bowl
2024-11-06,CLAM-BURG,1,Burger Clamshell
2024-11-06,CUP-12OZ,4,12oz Paper Cup
2024-11-06,CUP-16OZ,4,16oz Paper Cup
2024-11-06,CUP-8OZ,6,8oz Paper Cup
2024-11-06,LID-90,5,90mm Dome Lid
2024-11-06,NAP-33,8,33cm Napkin
2024-11-07,BOWL-24,8,24oz Salad Bowl
2024-11-07,CLAM-BURG,1,Burger Clamshell
2024-11-07,CUP-12OZ,5,12oz Paper Cup
2024-11-07,CUP-16OZ,4,16oz Paper Cup
2024-11-07,CUP-8OZ,5,8oz Paper Cup
2024-11-07,LID-90,5,90mm Dome Lid
2024-11-07,NAP-33,8,33cm Napkin
2024-11-08,BOWL-24,3,24oz Salad Bowl
2024-11-08,CLAM-BURG,2,Burger Clamshell
2024-11-08,CUP-12OZ,2,12oz Paper Cup
2024-11-08,CUP-16OZ,2,16oz Paper Cup
2024-11-08,CUP-8OZ,3,8oz Paper Cup
2024-11-08,LID-90,3,90mm Dome Lid
2024-11-08,NAP-33,4,33cm Napkin
2024-11-09,BOWL-24,11,24oz Salad Bowl
2024-11-09,CLAM-BURG,4,Burger Clamshell
2024-11-09,CUP-12OZ,5,12oz Paper Cup
2024-11-09,CUP-16OZ,7,16oz Paper Cup
2024-11-09,CUP-8OZ,5,8oz Paper Cup
2024-11-09,LID-90,7,90mm Dome Lid
2024-11-09,NAP-33,9,33cm Napkin
2024-11-10,BOWL-24,13,24oz Salad Bowl
2024-11-10,CLAM-BURG,4,Burger Clamshell
2024-11-10,CUP-12OZ,5,12oz Paper Cup
2024-11-10,CUP-16OZ,3,16oz Paper Cup
2024-11-10,CUP-8OZ,7,8oz Paper Cup
2024-11-10,LID-90,6,90mm Dome Lid
2024-11-10,NAP-33,8,33cm Napkin
2024-11-11,BOWL-24,10,24oz Salad Bowl
2024-11-11,CLAM-BURG,2,Burger Clamshell
2024-11-11,CUP-12OZ,5,12oz Paper Cup
2024-11-11,CUP-16OZ,4,16oz Paper Cup
2024-11-11,CUP-8OZ,6,8oz Paper Cup
2024-11-11,LID-90,5,90mm Dome Lid
2024-11-11,NAP-33,8,33cm Napkin
2024-11-12,BOWL-24,11,24oz Salad Bowl
2024-11-12,CLAM-BURG,4,Burger Clamshell
2024-11-12,CUP-12OZ,5,12oz Paper Cup
2024-11-12,CUP-16OZ,3,16oz Paper Cup
2024-11-12,CUP-8OZ,5,8oz Paper Cup
2024-11-12,LID-90,6,90mm Dome Lid
2024-11-12,NAP-33,8,33cm Napkin
2024-11-13,BOWL-24,10,24oz Salad Bowl
2024-11-13,CLAM-BURG,5,Burger Clamshell
2024-11-13,CUP-12OZ,4,12oz Paper Cup
2024-11-13,CUP-16OZ,3,16oz Paper Cup
2024-11-13,CUP-8OZ,5,8oz Paper Cup
2024-11-13,LID-90,6,90mm Dome Lid
2024-11-13,NAP-33,7,33cm Napkin
2024-11-14,BOWL-24,10,24oz Salad Bowl
2024-11-14,CLAM-BURG,3,Burger Clamshell
2024-11-14,CUP-12OZ,5,12oz Paper Cup
2024-11-14,CUP-16OZ,5,16oz Paper Cup
2024-11-14,CUP-8OZ,6,8oz Paper Cup
2024-11-14,LID-90,6,90mm Dome Lid
2024-11-14,NAP-33,7,33cm Napkin
2024-11-15,BOWL-24,6,24oz Salad Bowl
2024-11-15,CLAM-BURG,2,Burger Clamshell
2024-11-15,CUP-12OZ,3,12oz Paper Cup
2024-11-15,CUP-16OZ,1,16oz Paper Cup
2024-11-15,CUP-8OZ,3,8oz Paper Cup
2024-11-15,LID-90,3,90mm Dome Lid
2024-11-15,NAP-33,5,33cm Napkin
2024-11-16,BOWL-24,12,24oz Salad Bowl
2024-11-16,CLAM-BURG,4,Burger Clamshell
2024-11-16,CUP-12OZ,5,12oz Paper Cup
2024-11-16,CUP-16OZ,4,16oz Paper Cup
2024-11-16,CUP-8OZ,7,8oz Paper Cup
2024-11-16,LID-90,7,90mm Dome Lid
2024-11-16,NAP-33,10,33cm Napkin
2024-11-17,BOWL-24,8,24oz Salad Bowl
2024-11-17,CLAM-BURG,1,Burger Clamshell
2024-11-17,CUP-12OZ,5,12oz Paper Cup
2024-11-17,CUP-16OZ,2,16oz Paper Cup
2024-11-17,CUP-8OZ,6,8oz Paper Cup
2024-11-17,LID-90,5,90mm Dome Lid
2024-11-17,NAP-33,9,33cm Napkin
2024-11-18,BOWL-24,10,24oz Salad Bowl
2024-11-18,CLAM-BURG,3,Burger Clamshell
2024-11-18,CUP-12OZ,5,12oz Paper Cup
2024-11-18,CUP-16OZ,4,16oz Paper Cup
2024-11-18,CUP-8OZ,6,8oz Paper Cup
2024-11-18,LID-90,6,90mm Dome Lid
2024-11-18,NAP-33,9,33cm Napkin
2024-11-19,BOWL-24,10,24oz Salad Bowl
2024-11-19,CLAM-BURG,2,Burger Clamshell
2024-11-19,CUP-12OZ,4,12oz Paper Cup
2024-11-19,CUP-16OZ,3,16oz Paper Cup
2024-11-19,CUP-8OZ,5,8oz Paper Cup
2024-11-19,LID-90,5,90mm Dome Lid
2024-11-19,NAP-33,8,33cm Napkin
2024-11-20,BOWL-24,11,24oz Salad Bowl
2024-11-20,CLAM-BURG,2,Burger Clamshell
2024-11-20,CUP-12OZ,4,12oz Paper Cup
2024-11-20,CUP-16OZ,2,16oz Paper Cup
2024-11-20,CUP-8OZ,5,8oz Paper Cup
2024-11-20,LID-90,7,90mm Dome Lid
2024-11-20,NAP-33,8,33cm Napkin
2024-11-21,BOWL-24,11,24oz Salad Bowl
2024-11-21,CLAM-BURG,2,Burger Clamshell
2024-11-21,CUP-12OZ,5,12oz Paper Cup
2024-11-21,CUP-16OZ,2,16oz Paper Cup
2024-11-21,CUP-8OZ,5,8oz Paper Cup
2024-11-21,LID-90,6,90mm Dome Lid
2024-11-21,NAP-33,7,33cm Napkin
2024-11-22,BOWL-24,5,24oz Salad Bowl
2024-11-22,CLAM-BURG,1,Burger Clamshell
2024-11-22,CUP-12OZ,3,12oz Paper Cup
2024-11-22,CUP-16OZ,1,16oz Paper Cup
2024-11-22,CUP-8OZ,3,8oz Paper Cup
2024-11-22,LID-90,3,90mm Dome Lid
2024-11-22,NAP-33,4,33cm Napkin
2024-11-23,BOWL-24,15,24oz Salad Bowl
2024-11-23,CLAM-BURG,2,Burger Clamshell
2024-11-23,CUP-12OZ,5,12oz Paper Cup
2024-11-23,CUP-16OZ,3,16oz Paper Cup
2024-11-23,CUP-8OZ,6,8oz Paper Cup
2024-11-23,LID-90,6,90mm Dome Lid
2024-11-23,NAP-33,9,33cm Napkin
2024-11-24,BOWL-24,11,24oz Salad Bowl
2024-11-24,CLAM-BURG,2,Burger Clamshell
2024-11-24,CUP-12OZ,6,12oz Paper Cup
2024-11-24,CUP-16OZ,3,16oz Paper Cup
2024-11-24,CUP-8OZ,6,8oz Paper Cup
2024-11-24,LID-90,5,90mm Dome Lid
2024-11-24,NAP-33,8,33cm Napkin
2024-11-25,BOWL-24,11,24oz Salad Bowl
2024-11-25,CLAM-BURG,4,Burger Clamshell
2024-11-25,CUP-12OZ,6,12oz Paper Cup
2024-11-25,CUP-16OZ,3,16oz Paper Cup
2024-11-25,CUP-8OZ,5,8oz Paper Cup
2024-11-25,LID-90,6,90mm Dome Lid
2024-11-25,NAP-33,7,33cm Napkin
2024-11-26,BOWL-24,11,24oz Salad Bowl
2024-11-26,CLAM-BURG,2,Burger Clamshell
2024-11-26,CUP-12OZ,5,12oz Paper Cup
2024-11-26,CUP-16OZ,3,16oz Paper Cup
2024-11-26,CUP-8OZ,4,8oz Paper Cup
2024-11-26,LID-90,5,90mm Dome Lid
2024-11-26,NAP-33,8,33cm Napkin
2024-11-27,BOWL-24,12,24oz Salad Bowl
2024-11-27,CLAM-BURG,3,Burger Clamshell
2024-11-27,CUP-12OZ,4,12oz Paper Cup
2024-11-27,CUP-16OZ,5,16oz Paper Cup
2024-11-27,CUP-8OZ,5,8oz Paper Cup
2024-11-27,LID-90,6,90mm Dome Lid
2024-11-27,NAP-33,8,33cm Napkin
2024-11-28,BOWL-24,12,24oz Salad Bowl
2024-11-28,CLAM-BURG,4,Burger Clamshell
2024-11-28,CUP-12OZ,5,12oz Paper Cup
2024-11-28,CUP-16OZ,4,16oz Paper Cup
2024-11-28,CUP-8OZ,6,8oz Paper Cup
2024-11-28,LID-90,6,90mm Dome Lid
2024-11-28,NAP-33,7,33cm Napkin
2024-11-29,BOWL-24,8,24oz Salad Bowl
2024-11-29,CLAM-BURG,2,Burger Clamshell
2024-11-29,CUP-12OZ,3,12oz Paper Cup
2024-11-29,CUP-16OZ,2,16oz Paper Cup
2024-11-29,CUP-8OZ,3,8oz Paper Cup
2024-11-29,LID-90,3,90mm Dome Lid
2024-11-29,NAP-33,4,33cm Napkin
2024-11-30,BOWL-24,8,24oz Salad Bowl
2024-11-30,CLAM-BURG,3,Burger Clamshell
2024-11-30,CUP-12OZ,6,12oz Paper Cup
2024-11-30,CUP-16OZ,4,16oz Paper Cup
2024-11-30,CUP-8OZ,6,8oz Paper Cup
2024-11-30,LID-90,6,90mm Dome Lid
2024-11-30,NAP-33,8,33cm Napkin
2024-12-01,BOWL-24,11,24oz Salad Bowl
2024-12-01,CLAM-BURG,3,Burger Clamshell
2024-12-01,CUP-12OZ,5,12oz Paper Cup
2024-12-01,CUP-16OZ,2,16oz Paper Cup
2024-12-01,CUP-8OZ,5,8oz Paper Cup
2024-12-01,LID-90,7,90mm Dome Lid
2024-12-01,NAP-33,9,33cm Napkin
2024-12-02,BOWL-24,9,24oz Salad Bowl
2024-12-02,CLAM-BURG,4,Burger Clamshell
2024-12-02,CUP-12OZ,4,12oz Paper Cup
2024-12-02,CUP-16OZ,4,16oz Paper Cup
2024-12-02,CUP-8OZ,5,8oz Paper Cup
2024-12-02,LID-90,5,90mm Dome Lid
2024-12-02,NAP-33,8,33cm Napkin
2024-12-03,BOWL-24,12,24oz Salad Bowl
2024-12-03,CLAM-BURG,1,Burger Clamshell
2024-12-03,CUP-12OZ,5,12oz Paper Cup
2024-12-03,CUP-16OZ,6,16oz Paper Cup
2024-12-03,CUP-8OZ,5,8oz Paper Cup
2024-12-03,LID-90,6,90mm Dome Lid
2024-12-03,NAP-33,7,33cm Napkin
2024-12-03,SLEEVE-12,10,12oz Cup Sleeve
2024-12-04,BOWL-24,15,24oz Salad Bowl
2024-12-04,CUP-12OZ,5,12oz Paper Cup
2024-12-04,CUP-16OZ,5,16oz Paper Cup
2024-12-04,CUP-8OZ,5,8oz Paper Cup
2024-12-04,LID-90,6,90mm Dome Lid
2024-12-04,NAP-33,6,33cm Napkin
2024-12-05,BOWL-24,13,24oz Salad Bowl
2024-12-05,CLAM-BURG,4,Burger Clamshell
2024-12-05,CUP-12OZ,5,12oz Paper Cup
2024-12-05,CUP-16OZ,4,16oz Paper Cup
2024-12-05,CUP-8OZ,6,8oz Paper Cup
2024-12-05,LID-90,5,90mm Dome Lid
2024-12-05,NAP-33,7,33cm Napkin
2024-12-05,STIR-WD,1,Wooden Stirrer
2024-12-06,BOWL-24,6,24oz Salad Bowl
2024-12-06,CLAM-BURG,2,Burger Clamshell
2024-12-06,CUP-12OZ,2,12oz Paper Cup
2024-12-06,CUP-16OZ,1,16oz Paper Cup
2024-12-06,CUP-8OZ,3,8oz Paper Cup
2024-12-06,LID-90,3,90mm Dome Lid
2024-12-06,NAP-33,5,33cm Napkin
2024-12-07,BOWL-24,10,24oz Salad Bowl
2024-12-07,CLAM-BURG,3,Burger Clamshell
2024-12-07,CUP-12OZ,5,12oz Paper Cup
2024-12-07,CUP-16OZ,2,16oz Paper Cup
2024-12-07,CUP-8OZ,6,8oz Paper Cup
2024-12-07,LID-90,7,90mm Dome Lid
2024-12-07,NAP-33,8,33cm Napkin
2024-12-07,STIR-WD,2,Wooden Stirrer
2024-12-08,BOWL-24,2,24oz Salad Bowl
2024-12-08,CLAM-BURG,2,Burger Clamshell
2024-12-08,CUP-12OZ,6,12oz Paper Cup
2024-12-08,CUP-16OZ,3,16oz Paper Cup
2024-12-08,CUP-8OZ,6,8oz Paper Cup
2024-12-08,LID-90,5,90mm Dome Lid
2024-12-08,NAP-33,9,33cm Napkin
2024-12-08,STIR-WD,2,Wooden Stirrer
2024-12-09,BOWL-24,5,24oz Salad Bowl
2024-12-09,CLAM-BURG,2,Burger Clamshell
2024-12-09,CUP-12OZ,5,12oz Paper Cup
2024-12-09,CUP-16OZ,4,16oz Paper Cup
2024-12-09,CUP-8OZ,6,8oz Paper Cup
2024-12-09,LID-90,6,90mm Dome Lid
2024-12-09,NAP-33,8,33cm Napkin
2024-12-09,STIR-WD,1,Wooden Stirrer
2024-12-10,BOWL-24,10,24oz Salad Bowl
2024-12-10,CLAM-BURG,1,Burger Clamshell
2024-12-10,CUP-12OZ,5,12oz Paper Cup
2024-12-10,CUP-16OZ,3,16oz Paper Cup
2024-12-10,CUP-8OZ,6,8oz Paper Cup
2024-12-10,LID-90,6,90mm Dome Lid
2024-12-10,NAP-33,7,33cm Napkin
2024-12-11,BOWL-24,5,24oz Salad Bowl
2024-12-11,CLAM-BURG,3,Burger Clamshell
2024-12-11,CUP-12OZ,4,12oz Paper Cup
2024-12-11,CUP-16OZ,3,16oz Paper Cup
2024-12-11,CUP-8OZ,6,8oz Paper Cup
2024-12-11,LID-90,5,90mm Dome Lid
2024-12-11,NAP-33,8,33cm Napkin
2024-12-12,BOWL-24,12,24oz Salad Bowl
2024-12-12,CLAM-BURG,3,Burger Clamshell
2024-12-12,CUP-12OZ,4,12oz Paper Cup
2024-12-12,CUP-16OZ,4,16oz Paper Cup
2024-12-12,CUP-8OZ,5,8oz Paper Cup
2024-12-12,LID-90,6,90mm Dome Lid
2024-12-12,NAP-33,7,33cm Napkin
2024-12-13,BOWL-24,2,24oz Salad Bowl
2024-12-13,CLAM-BURG,2,Burger Clamshell
2024-12-13,CUP-12OZ,2,12oz Paper Cup
2024-12-13,CUP-16OZ,2,16oz Paper Cup
2024-12-13,CUP-8OZ,3,8oz Paper Cup
2024-12-13,LID-90,3,90mm Dome Lid
2024-12-13,NAP-33,4,33cm Napkin
2024-12-13,STIR-WD,1,Wooden Stirrer
2024-12-14,BOWL-24,10,24oz Salad Bowl
2024-12-14,CLAM-BURG,4,Burger Clamshell
2024-12-14,CUP-12OZ,5,12oz Paper Cup
2024-12-14,CUP-16OZ,2,16oz Paper Cup
2024-12-14,CUP-8OZ,6,8oz Paper Cup
2024-12-14,LID-90,7,90mm Dome Lid
2024-12-14,NAP-33,9,33cm Napkin
2024-12-15,BOWL-24,2,24oz Salad Bowl
2024-12-15,CLAM-BURG,4,Burger Clamshell
2024-12-15,CUP-12OZ,4,12oz Paper Cup
2024-12-15,CUP-16OZ,2,16oz Paper Cup
2024-12-15,CUP-8OZ,6,8oz Paper Cup
2024-12-15,LID-90,6,90mm Dome Lid
2024-12-15,NAP-33,9,33cm Napkin
2024-12-16,BOWL-24,11,24oz Salad Bowl
2024-12-16,CLAM-BURG,4,Burger Clamshell
2024-12-16,CUP-12OZ,4,12oz Paper Cup
2024-12-16,CUP-16OZ,4,16oz Paper Cup
2024-12-16,CUP-8OZ,5,8oz Paper Cup
2024-12-16,LID-90,6,90mm Dome Lid
2024-12-16,NAP-33,8,33cm Napkin
2024-12-17,BOWL-24,6,24oz Salad Bowl
2024-12-17,CLAM-BURG,3,Burger Clamshell
2024-12-17,CUP-12OZ,5,12oz Paper Cup
2024-12-17,CUP-16OZ,4,16oz Paper Cup
2024-12-17,CUP-8OZ,5,8oz Paper Cup
2024-12-17,LID-90,5,90mm Dome Lid
2024-12-17,NAP-33,8,33cm Napkin
2024-12-18,BOWL-24,7,24oz Salad Bowl
2024-12-18,CLAM-BURG,3,Burger Clamshell
2024-12-18,CUP-12OZ,4,12oz Paper Cup
2024-12-18,CUP-16OZ,3,16oz Paper Cup
2024-12-18,CUP-8OZ,6,8oz Paper Cup
2024-12-18,LID-90,6,90mm Dome Lid
2024-12-18,NAP-33,8,33cm Napkin
2024-12-19,BOWL-24,6,24oz Salad Bowl
2024-12-19,CLAM-BURG,1,Burger Clamshell
2024-12-19,CUP-12OZ,4,12oz Paper Cup
2024-12-19,CUP-16OZ,4,16oz Paper Cup
2024-12-19,CUP-8OZ,6,8oz Paper Cup
2024-12-19,LID-90,7,90mm Dome Lid
2024-12-19,NAP-33,7,33cm Napkin
2024-12-20,BOWL-24,5,24oz Salad Bowl
2024-12-20,CLAM-BURG,1,Burger Clamshell
2024-12-20,CUP-12OZ,3,12oz Paper Cup
2024-12-20,CUP-16OZ,1,16oz Paper Cup
2024-12-20,CUP-8OZ,3,8oz Paper Cup
2024-12-20,LID-90,3,90mm Dome Lid
2024-12-20,NAP-33,5,33cm Napkin
2024-12-20,SLEEVE-12,10,12oz Cup Sleeve
2024-12-21,BOWL-24,10,24oz Salad Bowl
2024-12-21,CLAM-BURG,4,Burger Clamshell
2024-12-21,CUP-12OZ,6,12oz Paper Cup
2024-12-21,CUP-16OZ,2,16oz Paper Cup
2024-12-21,CUP-8OZ,6,8oz Paper Cup
2024-12-21,LID-90,7,90mm Dome Lid
2024-12-21,NAP-33,9,33cm Napkin
2024-12-22,BOWL-24,9,24oz Salad Bowl
2024-12-22,CLAM-BURG,4,Burger Clamshell
2024-12-22,CUP-12OZ,6,12oz Paper Cup
2024-12-22,CUP-16OZ,4,16oz Paper Cup
2024-12-22,CUP-8OZ,6,8oz Paper Cup
2024-12-22,LID-90,6,90mm Dome Lid
2024-12-22,NAP-33,8,33cm Napkin
2024-12-23,BOWL-24,5,24oz Salad Bowl
2024-12-23,CLAM-BURG,3,Burger Clamshell
2024-12-23,CUP-12OZ,4,12oz Paper Cup
2024-12-23,CUP-16OZ,2,16oz Paper Cup
2024-12-23,CUP-8OZ,5,8oz Paper Cup
2024-12-23,LID-90,6,90mm Dome Lid
2024-12-23,NAP-33,8,33cm Napkin
2024-12-24,BOWL-24,10,24oz Salad Bowl
2024-12-24,CLAM-BURG,2,Burger Clamshell
2024-12-24,CUP-12OZ,4,12oz Paper Cup
2024-12-24,CUP-16OZ,4,16oz Paper Cup
2024-12-24,CUP-8OZ,7,8oz Paper Cup
2024-12-24,LID-90,6,90mm Dome Lid
2024-12-24,NAP-33,7,33cm Napkin
2024-12-25,BOWL-24,7,24oz Salad Bowl
2024-12-25,CLAM-BURG,4,Burger Clamshell
2024-12-25,CUP-12OZ,4,12oz Paper Cup
2024-12-25,CUP-16OZ,2,16oz Paper Cup
2024-12-25,CUP-8OZ,5,8oz Paper Cup
2024-12-25,LID-90,5,90mm Dome Lid
2024-12-25,NAP-33,8,33cm Napkin
2024-12-25,STIR-WD,1,Wooden Stirrer
2024-12-26,BOWL-24,7,24oz Salad Bowl
2024-12-26,CLAM-BURG,4,Burger Clamshell
2024-12-26,CUP-12OZ,4,12oz Paper Cup
2024-12-26,CUP-16OZ,5,16oz Paper Cup
2024-12-26,CUP-8OZ,5,8oz Paper Cup
2024-12-26,LID-90,6,90mm Dome Lid
2024-12-26,NAP-33,7,33cm Napkin
2024-12-27,BOWL-24,4,24oz Salad Bowl
2024-12-27,CLAM-BURG,1,Burger Clamshell
2024-12-27,CUP-12OZ,2,12oz Paper Cup
2024-12-27,CUP-16OZ,1,16oz Paper Cup
2024-12-27,CUP-8OZ,3,8oz Paper Cup
2024-12-27,LID-90,3,90mm Dome Lid
2024-12-27,NAP-33,5,33cm Napkin
2024-12-27,STIR-WD,1,Wooden Stirrer
2024-12-28,BOWL-24,7,24oz Salad Bowl
2024-12-28,CLAM-BURG,5,Burger Clamshell
2024-12-28,CUP-12OZ,5,12oz Paper Cup
2024-12-28,CUP-16OZ,4,16oz Paper Cup
2024-12-28,CUP-8OZ,6,8oz Paper Cup
2024-12-28,LID-90,6,90mm Dome Lid
2024-12-28,NAP-33,9,33cm Napkin
2024-12-29,BOWL-24,9,24oz Salad Bowl
2024-12-29,CLAM-BURG,2,Burger Clamshell
2024-12-29,CUP-12OZ,5,12oz Paper Cup
2024-12-29,CUP-16OZ,4,16oz Paper Cup
2024-12-29,CUP-8OZ,6,8oz Paper Cup
2024-12-29,LID-90,7,90mm Dome Lid
2024-12-29,NAP-33,8,33cm Napkin
2024-12-29,STIR-WD,1,Wooden Stirrer
2024-12-30,BOWL-24,11,24oz Salad Bowl
2024-12-30,CLAM-BURG,3,Burger Clamshell
2024-12-30,CUP-12OZ,4,12oz Paper Cup
2024-12-30,CUP-16OZ,2,16oz Paper Cup
2024-12-30,CUP-8OZ,4,8oz Paper Cup
2024-12-30,LID-90,6,90mm Dome Lid
2024-12-30,NAP-33,8,33cm Napkin
2024-12-31,BOWL-24,20,24oz Salad Bowl
2024-12-31,CLAM-BURG,3,Burger Clamshell
2024-12-31,CUP-12OZ,5,12oz Paper Cup
2024-12-31,CUP-8OZ,5,8oz Paper Cup
2024-12-31,LID-90,6,90mm Dome Lid
2024-12-31,NAP-33,7,33cm Napkin
2025-01-01,BOWL-24,14,24oz Salad Bowl
2025-01-01,CLAM-BURG,3,Burger Clamshell
2025-01-01,CUP-12OZ,5,12oz Paper Cup
2025-01-01,CUP-16OZ,4,16oz Paper Cup
2025-01-01,CUP-8OZ,6,8oz Paper Cup
2025-01-01,LID-90,6,90mm Dome Lid
2025-01-01,NAP-33,7,33cm Napkin
2025-01-02,BOWL-24,15,24oz Salad Bowl
2025-01-02,CLAM-BURG,3,Burger Clamshell
2025-01-02,CUP-12OZ,4,12oz Paper Cup
2025-01-02,CUP-16OZ,2,16oz Paper Cup
2025-01-02,CUP-8OZ,5,8oz Paper Cup
2025-01-02,LID-90,6,90mm Dome Lid
2025-01-02,NAP-33,7,33cm Napkin
2025-01-03,BOWL-24,6,24oz Salad Bowl
2025-01-03,CLAM-BURG,1,Burger Clamshell
2025-01-03,CUP-12OZ,2,12oz Paper Cup
2025-01-03,CUP-16OZ,2,16oz Paper Cup
2025-01-03,CUP-8OZ,3,8oz Paper Cup
2025-01-03,LID-90,3,90mm Dome Lid
2025-01-03,NAP-33,4,33cm Napkin
2025-01-04,BOWL-24,6,24oz Salad Bowl
2025-01-04,CLAM-BURG,3,Burger Clamshell
2025-01-04,CUP-12OZ,5,12oz Paper Cup
2025-01-04,CUP-16OZ,7,16oz Paper Cup
2025-01-04,CUP-8OZ,6,8oz Paper Cup
2025-01-04,LID-90,6,90mm Dome Lid
2025-01-04,NAP-33,9,33cm Napkin
2025-01-05,BOWL-24,1,24oz Salad Bowl
2025-01-05,CLAM-BURG,3,Burger Clamshell
2025-01-05,CUP-12OZ,5,12oz Paper Cup
2025-01-05,CUP-16OZ,1,16oz Paper Cup
2025-01-05,CUP-8OZ,5,8oz Paper Cup
2025-01-05,LID-90,6,90mm Dome Lid
2025-01-05,NAP-33,8,33cm Napkin
2025-01-06,BOWL-24,5,24oz Salad Bowl
2025-01-06,CLAM-BURG,1,Burger Clamshell
2025-01-06,CUP-12OZ,5,12oz Paper Cup
2025-01-06,CUP-16OZ,4,16oz Paper Cup
2025-01-06,CUP-8OZ,6,8oz Paper Cup
2025-01-06,LID-90,6,90mm Dome Lid
2025-01-06,NAP-33,8,33cm Napkin
2025-01-07,BOWL-24,6,24oz Salad Bowl
2025-01-07,CLAM-BURG,3,Burger Clamshell
2025-01-07,CUP-12OZ,5,12oz Paper Cup
2025-01-07,CUP-16OZ,2,16oz Paper Cup
2025-01-07,CUP-8OZ,5,8oz Paper Cup
2025-01-07,LID-90,6,90mm Dome Lid
2025-01-07,NAP-33,8,33cm Napkin
2025-01-08,BOWL-24,4,24oz Salad Bowl
2025-01-08,CLAM-BURG,3,Burger Clamshell
2025-01-08,CUP-12OZ,3,12oz Paper Cup
2025-01-08,CUP-16OZ,2,16oz Paper Cup
2025-01-08,CUP-8OZ,5,8oz Paper Cup
2025-01-08,LID-90,6,90mm Dome Lid
2025-01-08,NAP-33,7,33cm Napkin
2025-01-09,BOWL-24,10,24oz Salad Bowl
2025-01-09,CLAM-BURG,3,Burger Clamshell
2025-01-09,CUP-12OZ,5,12oz Paper Cup
2025-01-09,CUP-16OZ,1,16oz Paper Cup
2025-01-09,CUP-8OZ,5,8oz Paper Cup
2025-01-09,LID-90,5,90mm Dome Lid
2025-01-09,NAP-33,9,33cm Napkin
2025-01-10,BOWL-24,4,24oz Salad Bowl
2025-01-10,CLAM-BURG,3,Burger Clamshell
2025-01-10,CUP-12OZ,3,12oz Paper Cup
2025-01-10,CUP-16OZ,1,16oz Paper Cup
2025-01-10,CUP-8OZ,3,8oz Paper Cup
2025-01-10,LID-90,3,90mm Dome Lid
2025-01-10,NAP-33,4,33cm Napkin
2025-01-11,BOWL-24,11,24oz Salad Bowl
2025-01-11,CLAM-BURG,2,Burger Clamshell
2025-01-11,CUP-12OZ,5,12oz Paper Cup
2025-01-11,CUP-16OZ,6,16oz Paper Cup
2025-01-11,CUP-8OZ,5,8oz Paper Cup
2025-01-11,LID-90,6,90mm Dome Lid
2025-01-11,NAP-33,10,33cm Napkin
2025-01-11,SLEEVE-12,14,12oz Cup Sleeve
2025-01-12,BOWL-24,3,24oz Salad Bowl
2025-01-12,CLAM-BURG,5,Burger Clamshell
2025-01-12,CUP-12OZ,5,12oz Paper Cup
2025-01-12,CUP-16OZ,6,16oz Paper Cup
2025-01-12,CUP-8OZ,6,8oz Paper Cup
2025-01-12,LID-90,8,90mm Dome Lid
2025-01-12,NAP-33,10,33cm Napkin
2025-01-13,BOWL-24,5,24oz Salad Bowl
2025-01-13,CLAM-BURG,3,Burger Clamshell
2025-01-13,CUP-12OZ,3,12oz Paper Cup
2025-01-13,CUP-16OZ,3,16oz Paper Cup
2025-01-13,CUP-8OZ,6,8oz Paper Cup
2025-01-13,LID-90,5,90mm Dome Lid
2025-01-13,NAP-33,7,33cm Napkin
2025-01-14,BOWL-24,16,24oz Salad Bowl
2025-01-14,CLAM-BURG,3,Burger Clamshell
2025-01-14,CUP-12OZ,4,12oz Paper Cup
2025-01-14,CUP-16OZ,3,16oz Paper Cup
2025-01-14,CUP-8OZ,6,8oz Paper Cup
2025-01-14,LID-90,5,90mm Dome Lid
2025-01-14,NAP-33,7,33cm Napkin
2025-01-14,SLEEVE-12,18,12oz Cup Sleeve
2025-01-15,BOWL-24,7,24oz Salad Bowl
2025-01-15,CLAM-BURG,1,Burger Clamshell
2025-01-15,CUP-12OZ,5,12oz Paper Cup
2025-01-15,CUP-16OZ,2,16oz Paper Cup
2025-01-15,CUP-8OZ,6,8oz Paper Cup
2025-01-15,LID-90,5,90mm Dome Lid
2025-01-15,NAP-33,9,33cm Napkin
2025-01-16,BOWL-24,6,24oz Salad Bowl
2025-01-16,CLAM-BURG,2,Burger Clamshell
2025-01-16,CUP-12OZ,6,12oz Paper Cup
2025-01-16,CUP-16OZ,3,16oz Paper Cup
2025-01-16,CUP-8OZ,6,8oz Paper Cup
2025-01-16,LID-90,6,90mm Dome Lid
2025-01-16,NAP-33,6,33cm Napkin
2025-01-17,BOWL-24,4,24oz Salad Bowl
2025-01-17,CLAM-BURG,2,Burger Clamshell
2025-01-17,CUP-12OZ,3,12oz Paper Cup
2025-01-17,CUP-16OZ,1,16oz Paper Cup
2025-01-17,CUP-8OZ,3,8oz Paper Cup
2025-01-17,LID-90,3,90mm Dome Lid
2025-01-17,NAP-33,4,33cm Napkin
2025-01-18,BOWL-24,7,24oz Salad Bowl
2025-01-18,CLAM-BURG,2,Burger Clamshell
2025-01-18,CUP-12OZ,5,12oz Paper Cup
2025-01-18,CUP-16OZ,4,16oz Paper Cup
2025-01-18,CUP-8OZ,6,8oz Paper Cup
2025-01-18,LID-90,6,90mm Dome Lid
2025-01-18,NAP-33,8,33cm Napkin
2025-01-19,BOWL-24,8,24oz Salad Bowl
2025-01-19,CLAM-BURG,2,Burger Clamshell
2025-01-19,CUP-12OZ,5,12oz Paper Cup
2025-01-19,CUP-16OZ,2,16oz Paper Cup
2025-01-19,CUP-8OZ,6,8oz Paper Cup
2025-01-19,LID-90,6,90mm Dome Lid
2025-01-19,NAP-33,9,33cm Napkin
2025-01-19,SLEEVE-12,15,12oz Cup Sleeve
2025-01-20,BOWL-24,12,24oz Salad Bowl
2025-01-20,CLAM-BURG,3,Burger Clamshell
2025-01-20,CUP-12OZ,5,12oz Paper Cup
2025-01-20,CUP-16OZ,4,16oz Paper Cup
2025-01-20,CUP-8OZ,5,8oz Paper Cup
2025-01-20,LID-90,5,90mm Dome Lid
2025-01-20,NAP-33,7,33cm Napkin
2025-01-21,BOWL-24,4,24oz Salad Bowl
2025-01-21,CLAM-BURG,3,Burger Clamshell
2025-01-21,CUP-12OZ,4,12oz Paper Cup
2025-01-21,CUP-16OZ,3,16oz Paper Cup
2025-01-21,CUP-8OZ,6,8oz Paper Cup
2025-01-21,LID-90,5,90mm Dome Lid
2025-01-21,NAP-33,7,33cm Napkin
2025-01-21,SLEEVE-12,26,12oz Cup Sleeve
2025-01-22,BOWL-24,6,24oz Salad Bowl
2025-01-22,CLAM-BURG,3,Burger Clamshell
2025-01-22,CUP-12OZ,5,12oz Paper Cup
2025-01-22,CUP-16OZ,3,16oz Paper Cup
2025-01-22,CUP-8OZ,6,8oz Paper Cup
2025-01-22,LID-90,5,90mm Dome Lid
2025-01-22,NAP-33,8,33cm Napkin
2025-01-23,BOWL-24,10,24oz Salad Bowl
2025-01-23,CLAM-BURG,3,Burger Clamshell
2025-01-23,CUP-12OZ,4,12oz Paper Cup
2025-01-23,CUP-16OZ,3,16oz Paper Cup
2025-01-23,CUP-8OZ,5,8oz Paper Cup
2025-01-23,LID-90,6,90mm Dome Lid
2025-01-23,NAP-33,8,33cm Napkin
2025-01-23,SLEEVE-12,18,12oz Cup Sleeve
2025-01-24,BOWL-24,6,24oz Salad Bowl
2025-01-24,CLAM-BURG,2,Burger Clamshell
2025-01-24,CUP-12OZ,3,12oz Paper Cup
2025-01-24,CUP-16OZ,1,16oz Paper Cup
2025-01-24,CUP-8OZ,3,8oz Paper Cup
2025-01-24,LID-90,4,90mm Dome Lid
2025-01-24,NAP-33,4,33cm Napkin
2025-01-25,BOWL-24,7,24oz Salad Bowl
2025-01-25,CLAM-BURG,2,Burger Clamshell
2025-01-25,CUP-12OZ,5,12oz Paper Cup
2025-01-25,CUP-16OZ,5,16oz Paper Cup
2025-01-25,CUP-8OZ,6,8oz Paper Cup
2025-01-25,LID-90,7,90mm Dome Lid
2025-01-25,NAP-33,9,33cm Napkin
2025-01-26,BOWL-24,14,24oz Salad Bowl
2025-01-26,CLAM-BURG,3,Burger Clamshell
2025-01-26,CUP-12OZ,5,12oz Paper Cup
2025-01-26,CUP-16OZ,4,16oz Paper Cup
2025-01-26,CUP-8OZ,6,8oz Paper Cup
2025-01-26,LID-90,6,90mm Dome Lid
2025-01-26,NAP-33,9,33cm Napkin
2025-01-26,SLEEVE-12,20,12oz Cup Sleeve
2025-01-27,BOWL-24,11,24oz Salad Bowl
2025-01-27,CLAM-BURG,5,Burger Clamshell
2025-01-27,CUP-12OZ,5,12oz Paper Cup
2025-01-27,CUP-16OZ,5,16oz Paper Cup
2025-01-27,CUP-8OZ,5,8oz Paper Cup
2025-01-27,LID-90,6,90mm Dome Lid
2025-01-27,NAP-33,7,33cm Napkin
2025-01-28,BOWL-24,7,24oz Salad Bowl
2025-01-28,CLAM-BURG,2,Burger Clamshell
2025-01-28,CUP-12OZ,5,12oz Paper Cup
2025-01-28,CUP-16OZ,3,16oz Paper Cup
2025-01-28,CUP-8OZ,6,8oz Paper Cup
2025-01-28,LID-90,7,90mm Dome Lid
2025-01-28,NAP-33,7,33cm Napkin
2025-01-29,BOWL-24,9,24oz Salad Bowl
2025-01-29,CLAM-BURG,3,Burger Clamshell
2025-01-29,CUP-12OZ,4,12oz Paper Cup
2025-01-29,CUP-16OZ,5,16oz Paper Cup
2025-01-29,CUP-8OZ,6,8oz Paper Cup
2025-01-29,LID-90,5,90mm Dome Lid
2025-01-29,NAP-33,8,33cm Napkin
2025-01-30,BOWL-24,10,24oz Salad Bowl
2025-01-30,CLAM-BURG,3,Burger Clamshell
2025-01-30,CUP-12OZ,5,12oz Paper Cup
2025-01-30,CUP-16OZ,4,16oz Paper Cup
2025-01-30,CUP-8OZ,5,8oz Paper Cup
2025-01-30,LID-90,6,90mm Dome Lid
2025-01-30,NAP-33,8,33cm Napkin
2025-01-31,BOWL-24,4,24oz Salad Bowl
2025-01-31,CLAM-BURG,2,Burger Clamshell
2025-01-31,CUP-12OZ,3,12oz Paper Cup
2025-01-31,CUP-16OZ,2,16oz Paper Cup
2025-01-31,CUP-8OZ,3,8oz Paper Cup
2025-01-31,LID-90,3,90mm Dome Lid
2025-01-31,NAP-33,4,33cm Napkin
2025-02-01,BOWL-24,11,24oz Salad Bowl
2025-02-01,CLAM-BURG,4,Burger Clamshell
2025-02-01,CUP-12OZ,5,12oz Paper Cup
2025-02-01,CUP-16OZ,4,16oz Paper Cup
2025-02-01,CUP-8OZ,6,8oz Paper Cup
2025-02-01,LID-90,7,90mm Dome Lid
2025-02-01,NAP-33,7,33cm Napkin
2025-02-01,STIR-WD,1,Wooden Stirrer
2025-02-02,BOWL-24,14,24oz Salad Bowl
2025-02-02,CLAM-BURG,3,Burger Clamshell
2025-02-02,CUP-12OZ,5,12oz Paper Cup
2025-02-02,CUP-16OZ,3,16oz Paper Cup
2025-02-02,CUP-8OZ,6,8oz Paper Cup
2025-02-02,LID-90,5,90mm Dome Lid
2025-02-02,NAP-33,9,33cm Napkin
2025-02-02,STIR-WD,2,Wooden Stirrer
2025-02-03,BOWL-24,8,24oz Salad Bowl
2025-02-03,CLAM-BURG,5,Burger Clamshell
2025-02-03,CUP-12OZ,5,12oz Paper Cup
2025-02-03,CUP-16OZ,1,16oz Paper Cup
2025-02-03,CUP-8OZ,6,8oz Paper Cup
2025-02-03,LID-90,5,90mm Dome Lid
2025-02-03,NAP-33,8,33cm Napkin
2025-02-03,STIR-WD,1,Wooden Stirrer
2025-02-04,BOWL-24,11,24oz Salad Bowl
2025-02-04,CLAM-BURG,2,Burger Clamshell
2025-02-04,CUP-12OZ,4,12oz Paper Cup
2025-02-04,CUP-16OZ,2,16oz Paper Cup
2025-02-04,CUP-8OZ,6,8oz Paper Cup
2025-02-04,LID-90,5,90mm Dome Lid
2025-02-04,NAP-33,6,33cm Napkin
2025-02-04,STIR-WD,2,Wooden Stirrer
2025-02-05,BOWL-24,1,24oz Salad Bowl
2025-02-05,CUP-12OZ,5,12oz Paper Cup
2025-02-05,CUP-16OZ,4,16oz Paper Cup
2025-02-05,CUP-8OZ,6,8oz Paper Cup
2025-02-05,LID-90,5,90mm Dome Lid
2025-02-05,NAP-33,7,33cm Napkin
2025-02-06,BOWL-24,11,24oz Salad Bowl
2025-02-06,CLAM-BURG,2,Burger Clamshell
2025-02-06,CUP-12OZ,5,12oz Paper Cup
2025-02-06,CUP-16OZ,2,16oz Paper Cup
2025-02-06,CUP-8OZ,6,8oz Paper Cup
2025-02-06,LID-90,5,90mm Dome Lid
2025-02-06,NAP-33,8,33cm Napkin
2025-02-07,BOWL-24,3,24oz Salad Bowl
2025-02-07,CARR-4CUP,1,4-Cup Carrier
2025-02-07,CLAM-BURG,1,Burger Clamshell
2025-02-07,CUP-12OZ,3,12oz Paper Cup
2025-02-07,CUP-16OZ,1,16oz Paper Cup
2025-02-07,CUP-8OZ,3,8oz Paper Cup
2025-02-07,LID-90,3,90mm Dome Lid
2025-02-07,NAP-33,4,33cm Napkin
2025-02-08,BOWL-24,7,24oz Salad Bowl
2025-02-08,CLAM-BURG,3,Burger Clamshell
2025-02-08,CUP-12OZ,5,12oz Paper Cup
2025-02-08,CUP-16OZ,2,16oz Paper Cup
2025-02-08,CUP-8OZ,5,8oz Paper Cup
2025-02-08,LID-90,6,90mm Dome Lid
2025-02-08,NAP-33,9,33cm Napkin
2025-02-08,STIR-WD,2,Wooden Stirrer
2025-02-09,BOWL-24,14,24oz Salad Bowl
2025-02-09,CLAM-BURG,4,Burger Clamshell
2025-02-09,CUP-12OZ,5,12oz Paper Cup
2025-02-09,CUP-16OZ,4,16oz Paper Cup
2025-02-09,CUP-8OZ,6,8oz Paper Cup
2025-02-09,LID-90,7,90mm Dome Lid
2025-02-09,NAP-33,8,33cm Napkin
2025-02-10,BOWL-24,1,24oz Salad Bowl
2025-02-10,CARR-4CUP,1,4-Cup Carrier
2025-02-10,CLAM-BURG,4,Burger Clamshell
2025-02-10,CUP-12OZ,4,12oz Paper Cup
2025-02-10,CUP-16OZ,1,16oz Paper Cup
2025-02-10,CUP-8OZ,6,8oz Paper Cup
2025-02-10,LID-90,6,90mm Dome Lid
2025-02-10,NAP-33,8,33cm Napkin
2025-02-11,BOWL-24,9,24oz Salad Bowl
2025-02-11,CLAM-BURG,2,Burger Clamshell
2025-02-11,CUP-12OZ,5,12oz Paper Cup
2025-02-11,CUP-16OZ,2,16oz Paper Cup
2025-02-11,CUP-8OZ,5,8oz Paper Cup
2025-02-11,LID-90,5,90mm Dome Lid
2025-02-11,NAP-33,6,33cm Napkin
2025-02-12,BOWL-24,8,24oz Salad Bowl
2025-02-12,CLAM-BURG,2,Burger Clamshell
2025-02-12,CUP-12OZ,5,12oz Paper Cup
2025-02-12,CUP-16OZ,3,16oz Paper Cup
2025-02-12,CUP-8OZ,6,8oz Paper Cup
2025-02-12,LID-90,6,90mm Dome Lid
2025-02-12,NAP-33,8,33cm Napkin
2025-02-13,BOWL-24,10,24oz Salad Bowl
2025-02-13,CLAM-BURG,2,Burger Clamshell
2025-02-13,CUP-12OZ,5,12oz Paper Cup
2025-02-13,CUP-16OZ,3,16oz Paper Cup
2025-02-13,CUP-8OZ,5,8oz Paper Cup
2025-02-13,LID-90,6,90mm Dome Lid
2025-02-13,NAP-33,7,33cm Napkin
2025-02-14,BOWL-24,1,24oz Salad Bowl
2025-02-14,CLAM-BURG,1,Burger Clamshell
2025-02-14,CUP-12OZ,2,12oz Paper Cup
2025-02-14,CUP-16OZ,1,16oz Paper Cup
2025-02-14,CUP-8OZ,3,8oz Paper Cup
2025-02-14,LID-90,3,90mm Dome Lid
2025-02-14,NAP-33,4,33cm Napkin
2025-02-15,BOWL-24,8,24oz Salad Bowl
2025-02-15,CLAM-BURG,3,Burger Clamshell
2025-02-15,CUP-12OZ,4,12oz Paper Cup
2025-02-15,CUP-8OZ,5,8oz Paper Cup
2025-02-15,LID-90,6,90mm Dome Lid
2025-02-15,NAP-33,9,33cm Napkin
2025-02-16,BOWL-24,3,24oz Salad Bowl
2025-02-16,CLAM-BURG,2,Burger Clamshell
2025-02-16,CUP-12OZ,5,12oz Paper Cup
2025-02-16,CUP-16OZ,2,16oz Paper Cup
2025-02-16,CUP-8OZ,6,8oz Paper Cup
2025-02-16,LID-90,6,90mm Dome Lid
2025-02-16,NAP-33,10,33cm Napkin
2025-02-17,BOWL-24,7,24oz Salad Bowl
2025-02-17,CLAM-BURG,2,Burger Clamshell
2025-02-17,CUP-12OZ,5,12oz Paper Cup
2025-02-17,CUP-16OZ,5,16oz Paper Cup
2025-02-17,CUP-8OZ,5,8oz Paper Cup
2025-02-17,LID-90,5,90mm Dome Lid
2025-02-17,NAP-33,7,33cm Napkin
2025-02-18,BOWL-24,6,24oz Salad Bowl
2025-02-18,CLAM-BURG,3,Burger Clamshell
2025-02-18,CUP-12OZ,4,12oz Paper Cup
2025-02-18,CUP-16OZ,5,16oz Paper Cup
2025-02-18,CUP-8OZ,6,8oz Paper Cup
2025-02-18,LID-90,5,90mm Dome Lid
2025-02-18,NAP-33,8,33cm Napkin
2025-02-19,BOWL-24,14,24oz Salad Bowl
2025-02-19,CLAM-BURG,2,Burger Clamshell
2025-02-19,CUP-12OZ,5,12oz Paper Cup
2025-02-19,CUP-16OZ,2,16oz Paper Cup
2025-02-19,CUP-8OZ,6,8oz Paper Cup
2025-02-19,LID-90,5,90mm Dome Lid
2025-02-19,NAP-33,7,33cm Napkin
2025-02-20,BOWL-24,6,24oz Salad Bowl
2025-02-20,CLAM-BURG,3,Burger Clamshell
2025-02-20,CUP-12OZ,5,12oz Paper Cup
2025-02-20,CUP-16OZ,5,16oz Paper Cup
2025-02-20,CUP-8OZ,5,8oz Paper Cup
2025-02-20,LID-90,5,90mm Dome Lid
2025-02-20,NAP-33,8,33cm Napkin
2025-02-21,BOWL-24,5,24oz Salad Bowl
2025-02-21,CLAM-BURG,2,Burger Clamshell
2025-02-21,CUP-12OZ,3,12oz Paper Cup
2025-02-21,CUP-16OZ,2,16oz Paper Cup
2025-02-21,CUP-8OZ,3,8oz Paper Cup
2025-02-21,LID-90,3,90mm Dome Lid
2025-02-21,NAP-33,4,33cm Napkin
2025-02-22,BOWL-24,14,24oz Salad Bowl
2025-02-22,CLAM-BURG,5,Burger Clamshell
2025-02-22,CUP-12OZ,5,12oz Paper Cup
2025-02-22,CUP-16OZ,3,16oz Paper Cup
2025-02-22,CUP-8OZ,7,8oz Paper Cup
2025-02-22,LID-90,6,90mm Dome Lid
2025-02-22,NAP-33,8,33cm Napkin
2025-02-23,BOWL-24,10,24oz Salad Bowl
2025-02-23,CLAM-BURG,4,Burger Clamshell
2025-02-23,CUP-12OZ,6,12oz Paper Cup
2025-02-23,CUP-16OZ,2,16oz Paper Cup
2025-02-23,CUP-8OZ,7,8oz Paper Cup
2025-02-23,LID-90,6,90mm Dome Lid
2025-02-23,NAP-33,9,33cm Napkin
2025-02-24,BOWL-24,11,24oz Salad Bowl
2025-02-24,CLAM-BURG,4,Burger Clamshell
2025-02-24,CUP-12OZ,4,12oz Paper Cup
2025-02-24,CUP-16OZ,3,16oz Paper Cup
2025-02-24,CUP-8OZ,5,8oz Paper Cup
2025-02-24,LID-90,5,90mm Dome Lid
2025-02-24,NAP-33,8,33cm Napkin
2025-02-24,STIR-WD,1,Wooden Stirrer
2025-02-25,BOWL-24,7,24oz Salad Bowl
2025-02-25,CARR-4CUP,1,4-Cup Carrier
2025-02-25,CLAM-BURG,5,Burger Clamshell
2025-02-25,CUP-12OZ,5,12oz Paper Cup
2025-02-25,CUP-16OZ,2,16oz Paper Cup
2025-02-25,CUP-8OZ,5,8oz Paper Cup
2025-02-25,LID-90,6,90mm Dome Lid
2025-02-25,NAP-33,8,33cm Napkin
2025-02-25,STIR-WD,1,Wooden Stirrer
2025-02-26,BOWL-24,7,24oz Salad Bowl
2025-02-26,CARR-4CUP,1,4-Cup Carrier
2025-02-26,CLAM-BURG,3,Burger Clamshell
2025-02-26,CUP-12OZ,5,12oz Paper Cup
2025-02-26,CUP-16OZ,3,16oz Paper Cup
2025-02-26,CUP-8OZ,6,8oz Paper Cup
2025-02-26,LID-90,6,90mm Dome Lid
2025-02-26,NAP-33,9,33cm Napkin
2025-02-26,STIR-WD,1,Wooden Stirrer
2025-02-27,BOWL-24,13,24oz Salad Bowl
2025-02-27,CARR-4CUP,3,4-Cup Carrier
2025-02-27,CLAM-BURG,3,Burger Clamshell
2025-02-27,CUP-12OZ,4,12oz Paper Cup
2025-02-27,CUP-16OZ,1,16oz Paper Cup
2025-02-27,CUP-8OZ,6,8oz Paper Cup
2025-02-27,LID-90,5,90mm Dome Lid
2025-02-27,NAP-33,7,33cm Napkin
2025-02-28,BOWL-24,5,24oz Salad Bowl
2025-02-28,CARR-4CUP,1,4-Cup Carrier
2025-02-28,CUP-12OZ,3,12oz Paper Cup
2025-02-28,CUP-16OZ,1,16oz Paper Cup
2025-02-28,CUP-8OZ,3,8oz Paper Cup
2025-02-28,LID-90,3,90mm Dome Lid
2025-02-28,NAP-33,4,33cm Napkin
2025-02-28,STIR-WD,1,Wooden Stirrer
2025-03-01,BOWL-24,7,24oz Salad Bowl
2025-03-01,CLAM-BURG,10,Burger Clamshell
2025-03-01,CUP-12OZ,10,12oz Paper Cup
2025-03-01,CUP-16OZ,7,16oz Paper Cup
2025-03-01,CUP-8OZ,13,8oz Paper Cup
2025-03-01,LID-90,14,90mm Dome Lid
2025-03-01,NAP-33,23,33cm Napkin
2025-03-01,STIR-WD,6,Wooden Stirrer
2025-03-02,BOWL-24,8,24oz Salad Bowl
2025-03-02,CLAM-BURG,7,Burger Clamshell
2025-03-02,CUP-12OZ,10,12oz Paper Cup
2025-03-02,CUP-16OZ,6,16oz Paper Cup
2025-03-02,CUP-8OZ,15,8oz Paper Cup
2025-03-02,LID-90,14,90mm Dome Lid
2025-03-02,NAP-33,19,33cm Napkin
2025-03-03,BOWL-24,26,24oz Salad Bowl
2025-03-03,CARR-4CUP,6,4-Cup Carrier
2025-03-03,CLAM-BURG,3,Burger Clamshell
2025-03-03,CUP-12OZ,13,12oz Paper Cup
2025-03-03,CUP-16OZ,9,16oz Paper Cup
2025-03-03,CUP-8OZ,12,8oz Paper Cup
2025-03-03,LID-90,12,90mm Dome Lid
2025-03-03,NAP-33,16,33cm Napkin
2025-03-03,STIR-WD,3,Wooden Stirrer
2025-03-04,BOWL-24,20,24oz Salad Bowl
2025-03-04,CLAM-BURG,9,Burger Clamshell
2025-03-04,CUP-12OZ,12,12oz Paper Cup
2025-03-04,CUP-16OZ,4,16oz Paper Cup
2025-03-04,CUP-8OZ,12,8oz Paper Cup
2025-03-04,LID-90,13,90mm Dome Lid
2025-03-04,NAP-33,16,33cm Napkin
2025-03-05,BOWL-24,32,24oz Salad Bowl
2025-03-05,CLAM-BURG,10,Burger Clamshell
2025-03-05,CUP-12OZ,11,12oz Paper Cup
2025-03-05,CUP-16OZ,10,16oz Paper Cup
2025-03-05,CUP-8OZ,14,8oz Paper Cup
2025-03-05,LID-90,13,90mm Dome Lid
2025-03-05,NAP-33,20,33cm Napkin
2025-03-06,BOWL-24,31,24oz Salad Bowl
2025-03-06,CLAM-BURG,7,Burger Clamshell
2025-03-06,CUP-12OZ,12,12oz Paper Cup
2025-03-06,CUP-16OZ,11,16oz Paper Cup
2025-03-06,CUP-8OZ,12,8oz Paper Cup
2025-03-06,LID-90,14,90mm Dome Lid
2025-03-06,NAP-33,19,33cm Napkin
2025-03-06,SLEEVE-12,29,12oz Cup Sleeve
2025-03-07,BOWL-24,11,24oz Salad Bowl
2025-03-07,CLAM-BURG,3,Burger Clamshell
2025-03-07,CUP-12OZ,7,12oz Paper Cup
2025-03-07,CUP-16OZ,2,16oz Paper Cup
2025-03-07,CUP-8OZ,7,8oz Paper Cup
2025-03-07,LID-90,6,90mm Dome Lid
2025-03-07,NAP-33,10,33cm Napkin
2025-03-07,STIR-WD,1,Wooden Stirrer
2025-03-08,BOWL-24,17,24oz Salad Bowl
2025-03-08,CLAM-BURG,11,Burger Clamshell
2025-03-08,CUP-12OZ,11,12oz Paper Cup
2025-03-08,CUP-16OZ,9,16oz Paper Cup
2025-03-08,CUP-8OZ,14,8oz Paper Cup
2025-03-08,LID-90,15,90mm Dome Lid
2025-03-08,NAP-33,22,33cm Napkin
2025-03-09,BOWL-24,8,24oz Salad Bowl
2025-03-09,CARR-4CUP,5,4-Cup Carrier
2025-03-09,CLAM-BURG,7,Burger Clamshell
2025-03-09,CUP-12OZ,13,12oz Paper Cup
2025-03-09,CUP-16OZ,13,16oz Paper Cup
2025-03-09,CUP-8OZ,13,8oz Paper Cup
2025-03-09,LID-90,16,90mm Dome Lid
2025-03-09,NAP-33,19,33cm Napkin
2025-03-09,STIR-WD,3,Wooden Stirrer
2025-03-10,BOWL-24,21,24oz Salad Bowl
2025-03-10,CLAM-BURG,1,Burger Clamshell
2025-03-10,CUP-12OZ,12,12oz Paper Cup
2025-03-10,CUP-16OZ,7,16oz Paper Cup
2025-03-10,CUP-8OZ,13,8oz Paper Cup
2025-03-10,LID-90,12,90mm Dome Lid
2025-03-10,NAP-33,17,33cm Napkin
2025-03-10,STIR-WD,5,Wooden Stirrer
2025-03-11,BOWL-24,12,24oz Salad Bowl
2025-03-11,CLAM-BURG,2,Burger Clamshell
2025-03-11,CUP-12OZ,11,12oz Paper Cup
2025-03-11,CUP-16OZ,10,16oz Paper Cup
2025-03-11,CUP-8OZ,13,8oz Paper Cup
2025-03-11,LID-90,15,90mm Dome Lid
2025-03-11,NAP-33,19,33cm Napkin
2025-03-12,BOWL-24,13,24oz Salad Bowl
2025-03-12,CLAM-BURG,6,Burger Clamshell
2025-03-12,CUP-12OZ,11,12oz Paper Cup
2025-03-12,CUP-16OZ,7,16oz Paper Cup
2025-03-12,CUP-8OZ,11,8oz Paper Cup
2025-03-12,LID-90,13,90mm Dome Lid
2025-03-12,NAP-33,16,33cm Napkin
2025-03-12,SLEEVE-12,69,12oz Cup Sleeve
2025-03-12,STIR-WD,2,Wooden Stirrer
2025-03-13,BOWL-24,14,24oz Salad Bowl
2025-03-13,CLAM-BURG,10,Burger Clamshell
2025-03-13,CUP-12OZ,10,12oz Paper Cup
2025-03-13,CUP-16OZ,8,16oz Paper Cup
2025-03-13,CUP-8OZ,12,8oz Paper Cup
2025-03-13,LID-90,11,90mm Dome Lid
2025-03-13,NAP-33,18,33cm Napkin
2025-03-14,BOWL-24,10,24oz Salad Bowl
2025-03-14,CLAM-BURG,5,Burger Clamshell
2025-03-14,CUP-12OZ,6,12oz Paper Cup
2025-03-14,CUP-16OZ,3,16oz Paper Cup
2025-03-14,CUP-8OZ,7,8oz Paper Cup
2025-03-14,LID-90,6,90mm Dome Lid
2025-03-14,NAP-33,10,33cm Napkin
2025-03-15,BOWL-24,26,24oz Salad Bowl
2025-03-15,CLAM-BURG,11,Burger Clamshell
2025-03-15,CUP-12OZ,11,12oz Paper Cup
2025-03-15,CUP-16OZ,7,16oz Paper Cup
2025-03-15,CUP-8OZ,15,8oz Paper Cup
2025-03-15,LID-90,13,90mm Dome Lid
2025-03-15,NAP-33,18,33cm Napkin
2025-03-16,BOWL-24,23,24oz Salad Bowl
2025-03-16,CARR-4CUP,6,4-Cup Carrier
2025-03-16,CLAM-BURG,6,Burger Clamshell
2025-03-16,CUP-12OZ,11,12oz Paper Cup
2025-03-16,CUP-16OZ,14,16oz Paper Cup
2025-03-16,CUP-8OZ,15,8oz Paper Cup
2025-03-16,LID-90,14,90mm Dome Lid
2025-03-16,NAP-33,20,33cm Napkin
2025-03-17,BOWL-24,15,24oz Salad Bowl
2025-03-17,CARR-4CUP,1,4-Cup Carrier
2025-03-17,CLAM-BURG,3,Burger Clamshell
2025-03-17,CUP-12OZ,10,12oz Paper Cup
2025-03-17,CUP-16OZ,5,16oz Paper Cup
2025-03-17,CUP-8OZ,12,8oz Paper Cup
2025-03-17,LID-90,13,90mm Dome Lid
2025-03-17,NAP-33,16,33cm Napkin
2025-03-17,STIR-WD,2,Wooden Stirrer
2025-03-18,BOWL-24,19,24oz Salad Bowl
2025-03-18,CLAM-BURG,7,Burger Clamshell
2025-03-18,CUP-12OZ,10,12oz Paper Cup
2025-03-18,CUP-16OZ,2,16oz Paper Cup
2025-03-18,CUP-8OZ,15,8oz Paper Cup
2025-03-18,LID-90,13,90mm Dome Lid
2025-03-18,NAP-33,17,33cm Napkin
2025-03-18,STIR-WD,4,Wooden Stirrer
2025-03-19,BOWL-24,24,24oz Salad Bowl
2025-03-19,CLAM-BURG,5,Burger Clamshell
2025-03-19,CUP-12OZ,11,12oz Paper Cup
2025-03-19,CUP-16OZ,6,16oz Paper Cup
2025-03-19,CUP-8OZ,11,8oz Paper Cup
2025-03-19,LID-90,13,90mm Dome Lid
2025-03-19,NAP-33,15,33cm Napkin
2025-03-19,SLEEVE-12,64,12oz Cup Sleeve
2025-03-19,STIR-WD,4,Wooden Stirrer
2025-03-20,BOWL-24,15,24oz Salad Bowl
2025-03-20,CLAM-BURG,8,Burger Clamshell
2025-03-20,CUP-12OZ,11,12oz Paper Cup
2025-03-20,CUP-16OZ,9,16oz Paper Cup
2025-03-20,CUP-8OZ,12,8oz Paper Cup
2025-03-20,LID-90,13,90mm Dome Lid
2025-03-20,NAP-33,16,33cm Napkin
2025-03-20,STIR-WD,4,Wooden Stirrer
2025-03-21,BOWL-24,17,24oz Salad Bowl
2025-03-21,CLAM-BURG,5,Burger Clamshell
2025-03-21,CUP-12OZ,6,12oz Paper Cup
2025-03-21,CUP-16OZ,3,16oz Paper Cup
2025-03-21,CUP-8OZ,7,8oz Paper Cup
2025-03-21,LID-90,6,90mm Dome Lid
2025-03-21,NAP-33,9,33cm Napkin
2025-03-22,BOWL-24,23,24oz Salad Bowl
2025-03-22,CARR-4CUP,5,4-Cup Carrier
2025-03-22,CLAM-BURG,13,Burger Clamshell
2025-03-22,CUP-12OZ,11,12oz Paper Cup
2025-03-22,CUP-16OZ,12,16oz Paper Cup
2025-03-22,CUP-8OZ,14,8oz Paper Cup
2025-03-22,LID-90,12,90mm Dome Lid
2025-03-22,NAP-33,21,33cm Napkin
2025-03-22,STIR-WD,5,Wooden Stirrer
2025-03-23,BOWL-24,14,24oz Salad Bowl
2025-03-23,CARR-4CUP,7,4-Cup Carrier
2025-03-23,CLAM-BURG,7,Burger Clamshell
2025-03-23,CUP-12OZ,12,12oz Paper Cup
2025-03-23,CUP-16OZ,12,16oz Paper Cup
2025-03-23,CUP-8OZ,13,8oz Paper Cup
2025-03-23,LID-90,14,90mm Dome Lid
2025-03-23,NAP-33,20,33cm Napkin
2025-03-24,BOWL-24,8,24oz Salad Bowl
2025-03-24,CLAM-BURG,7,Burger Clamshell
2025-03-24,CUP-12OZ,11,12oz Paper Cup
2025-03-24,CUP-16OZ,8,16oz Paper Cup
2025-03-24,CUP-8OZ,12,8oz Paper Cup
2025-03-24,LID-90,11,90mm Dome Lid
2025-03-24,NAP-33,16,33cm Napkin
2025-03-24,STIR-WD,1,Wooden Stirrer
2025-03-25,BOWL-24,2,24oz Salad Bowl
2025-03-25,CLAM-BURG,3,Burger Clamshell
2025-03-25,CUP-12OZ,12,12oz Paper Cup
2025-03-25,CUP-16OZ,7,16oz Paper Cup
2025-03-25,CUP-8OZ,13,8oz Paper Cup
2025-03-25,LID-90,14,90mm Dome Lid
2025-03-25,NAP-33,17,33cm Napkin
2025-03-25,STIR-WD,2,Wooden Stirrer
2025-03-26,BOWL-24,25,24oz Salad Bowl
2025-03-26,CLAM-BURG,3,Burger Clamshell
2025-03-26,CUP-12OZ,10,12oz Paper Cup
2025-03-26,CUP-16OZ,6,16oz Paper Cup
2025-03-26,CUP-8OZ,13,8oz Paper Cup
2025-03-26,LID-90,10,90mm Dome Lid
2025-03-26,NAP-33,21,33cm Napkin
2025-03-26,STIR-WD,2,Wooden Stirrer
2025-03-27,BOWL-24,11,24oz Salad Bowl
2025-03-27,CLAM-BURG,6,Burger Clamshell
2025-03-27,CUP-12OZ,10,12oz Paper Cup
2025-03-27,CUP-16OZ,5,16oz Paper Cup
2025-03-27,CUP-8OZ,14,8oz Paper Cup
2025-03-27,LID-90,14,90mm Dome Lid
2025-03-27,NAP-33,18,33cm Napkin
2025-03-28,BOWL-24,1,24oz Salad Bowl
2025-03-28,CLAM-BURG,3,Burger Clamshell
2025-03-28,CUP-12OZ,6,12oz Paper Cup
2025-03-28,CUP-16OZ,7,16oz Paper Cup
2025-03-28,CUP-8OZ,6,8oz Paper Cup
2025-03-28,LID-90,5,90mm Dome Lid
2025-03-28,NAP-33,10,33cm Napkin
2025-03-28,STIR-WD,1,Wooden Stirrer
2025-03-29,BOWL-24,24,24oz Salad Bowl
2025-03-29,CLAM-BURG,9,Burger Clamshell
2025-03-29,CUP-12OZ,14,12oz Paper Cup
2025-03-29,CUP-16OZ,11,16oz Paper Cup
2025-03-29,CUP-8OZ,14,8oz Paper Cup
2025-03-29,LID-90,14,90mm Dome Lid
2025-03-29,NAP-33,16,33cm Napkin
2025-03-29,STIR-WD,6,Wooden Stirrer
2025-03-30,BOWL-24,6,24oz Salad Bowl
2025-03-30,CLAM-BURG,3,Burger Clamshell
2025-03-30,CUP-12OZ,5,12oz Paper Cup
2025-03-30,CUP-16OZ,3,16oz Paper Cup
2025-03-30,CUP-8OZ,6,8oz Paper Cup
2025-03-30,LID-90,6,90mm Dome Lid
2025-03-30,NAP-33,8,33cm Napkin
2025-03-31,BOWL-24,6,24oz Salad Bowl
2025-03-31,CLAM-BURG,2,Burger Clamshell
2025-03-31,CUP-12OZ,5,12oz Paper Cup
2025-03-31,CUP-16OZ,4,16oz Paper Cup
2025-03-31,CUP-8OZ,5,8oz Paper Cup
2025-03-31,LID-90,5,90mm Dome Lid
2025-03-31,NAP-33,9,33cm Napkin
2025-03-31,SLEEVE-12,19,12oz Cup Sleeve
2025-03-31,STIR-WD,2,Wooden Stirrer
2025-04-01,BOWL-24,9,24oz Salad Bowl
2025-04-01,CLAM-BURG,3,Burger Clamshell
2025-04-01,CUP-12OZ,4,12oz Paper Cup
2025-04-01,CUP-16OZ,4,16oz Paper Cup
2025-04-01,CUP-8OZ,6,8oz Paper Cup
2025-04-01,LID-90,5,90mm Dome Lid
2025-04-01,NAP-33,7,33cm Napkin
2025-04-02,BOWL-24,6,24oz Salad Bowl
2025-04-02,CARR-4CUP,2,4-Cup Carrier
2025-04-02,CLAM-BURG,3,Burger Clamshell
2025-04-02,CUP-12OZ,5,12oz Paper Cup
2025-04-02,CUP-16OZ,5,16oz Paper Cup
2025-04-02,CUP-8OZ,6,8oz Paper Cup
2025-04-02,LID-90,6,90mm Dome Lid
2025-04-02,NAP-33,7,33cm Napkin
2025-04-03,BOWL-24,6,24oz Salad Bowl
2025-04-03,CLAM-BURG,4,Burger Clamshell
2025-04-03,CUP-12OZ,5,12oz Paper Cup
2025-04-03,CUP-16OZ,5,16oz Paper Cup
2025-04-03,CUP-8OZ,6,8oz Paper Cup
2025-04-03,LID-90,5,90mm Dome Lid
2025-04-03,NAP-33,7,33cm Napkin
2025-04-03,STIR-WD,1,Wooden Stirrer
2025-04-04,BOWL-24,3,24oz Salad Bowl
2025-04-04,CARR-4CUP,1,4-Cup Carrier
2025-04-04,CLAM-BURG,2,Burger Clamshell
2025-04-04,CUP-12OZ,3,12oz Paper Cup
2025-04-04,CUP-16OZ,2,16oz Paper Cup
2025-04-04,CUP-8OZ,2,8oz Paper Cup
2025-04-04,LID-90,3,90mm Dome Lid
2025-04-04,NAP-33,4,33cm Napkin
2025-04-05,BOWL-24,10,24oz Salad Bowl
2025-04-05,CLAM-BURG,4,Burger Clamshell
2025-04-05,CUP-12OZ,6,12oz Paper Cup
2025-04-05,CUP-16OZ,2,16oz Paper Cup
2025-04-05,CUP-8OZ,6,8oz Paper Cup
2025-04-05,LID-90,6,90mm Dome Lid
2025-04-05,NAP-33,9,33cm Napkin
2025-04-06,BOWL-24,12,24oz Salad Bowl
2025-04-06,CLAM-BURG,5,Burger Clamshell
2025-04-06,CUP-12OZ,4,12oz Paper Cup
2025-04-06,CUP-16OZ,1,16oz Paper Cup
2025-04-06,CUP-8OZ,5,8oz Paper Cup
2025-04-06,LID-90,7,90mm Dome Lid
2025-04-06,NAP-33,7,33cm Napkin
2025-04-06,STIR-WD,1,Wooden Stirrer
2025-04-07,BOWL-24,13,24oz Salad Bowl
2025-04-07,CLAM-BURG,3,Burger Clamshell
2025-04-07,CUP-12OZ,5,12oz Paper Cup
2025-04-07,CUP-16OZ,3,16oz Paper Cup
2025-04-07,CUP-8OZ,5,8oz Paper Cup
2025-04-07,LID-90,5,90mm Dome Lid
2025-04-07,NAP-33,8,33cm Napkin
2025-04-08,BOWL-24,8,24oz Salad Bowl
2025-04-08,CLAM-BURG,2,Burger Clamshell
2025-04-08,CUP-12OZ,4,12oz Paper Cup
2025-04-08,CUP-16OZ,6,16oz Paper Cup
2025-04-08,CUP-8OZ,5,8oz Paper Cup
2025-04-08,LID-90,6,90mm Dome Lid
2025-04-08,NAP-33,6,33cm Napkin
2025-04-09,BOWL-24,5,24oz Salad Bowl
2025-04-09,CLAM-BURG,2,Burger Clamshell
2025-04-09,CUP-12OZ,5,12oz Paper Cup
2025-04-09,CUP-16OZ,4,16oz Paper Cup
2025-04-09,CUP-8OZ,6,8oz Paper Cup
2025-04-09,LID-90,6,90mm Dome Lid
2025-04-09,NAP-33,7,33cm Napkin
2025-04-09,STIR-WD,1,Wooden Stirrer
2025-04-10,BOWL-24,12,24oz Salad Bowl
2025-04-10,CLAM-BURG,4,Burger Clamshell
2025-04-10,CUP-12OZ,4,12oz Paper Cup
2025-04-10,CUP-16OZ,4,16oz Paper Cup
2025-04-10,CUP-8OZ,5,8oz Paper Cup
2025-04-10,LID-90,6,90mm Dome Lid
2025-04-10,NAP-33,8,33cm Napkin
2025-04-11,BOWL-24,7,24oz Salad Bowl
2025-04-11,CLAM-BURG,1,Burger Clamshell
2025-04-11,CUP-12OZ,3,12oz Paper Cup
2025-04-11,CUP-16OZ,1,16oz Paper Cup
2025-04-11,CUP-8OZ,3,8oz Paper Cup
2025-04-11,LID-90,3,90mm Dome Lid
2025-04-11,NAP-33,4,33cm Napkin
2025-04-12,BOWL-24,6,24oz Salad Bowl
2025-04-12,CUP-12OZ,5,12oz Paper Cup
2025-04-12,CUP-16OZ,3,16oz Paper Cup
2025-04-12,CUP-8OZ,7,8oz Paper Cup
2025-04-12,LID-90,7,90mm Dome Lid
2025-04-12,NAP-33,8,33cm Napkin
2025-04-13,BOWL-24,6,24oz Salad Bowl
2025-04-13,CLAM-BURG,4,Burger Clamshell
2025-04-13,CUP-12OZ,6,12oz Paper Cup
2025-04-13,CUP-16OZ,1,16oz Paper Cup
2025-04-13,CUP-8OZ,7,8oz Paper Cup
2025-04-13,LID-90,6,90mm Dome Lid
2025-04-13,NAP-33,8,33cm Napkin
2025-04-13,STIR-WD,1,Wooden Stirrer
2025-04-14,BOWL-24,12,24oz Salad Bowl
2025-04-14,CARR-4CUP,1,4-Cup Carrier
2025-04-14,CLAM-BURG,2,Burger Clamshell
2025-04-14,CUP-12OZ,5,12oz Paper Cup
2025-04-14,CUP-16OZ,2,16oz Paper Cup
2025-04-14,CUP-8OZ,6,8oz Paper Cup
2025-04-14,LID-90,6,90mm Dome Lid
2025-04-14,NAP-33,9,33cm Napkin
2025-04-14,STIR-WD,2,Wooden Stirrer
2025-04-15,BOWL-24,1,24oz Salad Bowl
2025-04-15,CLAM-BURG,2,Burger Clamshell
2025-04-15,CUP-12OZ,5,12oz Paper Cup
2025-04-15,CUP-16OZ,6,16oz Paper Cup
2025-04-15,CUP-8OZ,6,8oz Paper Cup
2025-04-15,LID-90,5,90mm Dome Lid
2025-04-15,NAP-33,7,33cm Napkin
2025-04-16,BOWL-24,9,24oz Salad Bowl
2025-04-16,CLAM-BURG,3,Burger Clamshell
2025-04-16,CUP-12OZ,4,12oz Paper Cup
2025-04-16,CUP-16OZ,4,16oz Paper Cup
2025-04-16,CUP-8OZ,5,8oz Paper Cup
2025-04-16,LID-90,6,90mm Dome Lid
2025-04-16,NAP-33,8,33cm Napkin
2025-04-17,BOWL-24,4,24oz Salad Bowl
2025-04-17,CLAM-BURG,1,Burger Clamshell
2025-04-17,CUP-12OZ,6,12oz Paper Cup
2025-04-17,CUP-16OZ,5,16oz Paper Cup
2025-04-17,CUP-8OZ,5,8oz Paper Cup
2025-04-17,LID-90,6,90mm Dome Lid
2025-04-17,NAP-33,9,33cm Napkin
2025-04-18,BOWL-24,7,24oz Salad Bowl
2025-04-18,CLAM-BURG,1,Burger Clamshell
2025-04-18,CUP-12OZ,2,12oz Paper Cup
2025-04-18,CUP-16OZ,1,16oz Paper Cup
2025-04-18,CUP-8OZ,3,8oz Paper Cup
2025-04-18,LID-90,3,90mm Dome Lid
2025-04-18,NAP-33,4,33cm Napkin
2025-04-18,STIR-WD,1,Wooden Stirrer
2025-04-19,BOWL-24,7,24oz Salad Bowl
2025-04-19,CARR-4CUP,2,4-Cup Carrier
2025-04-19,CLAM-BURG,4,Burger Clamshell
2025-04-19,CUP-12OZ,6,12oz Paper Cup
2025-04-19,CUP-16OZ,5,16oz Paper Cup
2025-04-19,CUP-8OZ,6,8oz Paper Cup
2025-04-19,LID-90,8,90mm Dome Lid
2025-04-19,NAP-33,8,33cm Napkin
2025-04-20,BOWL-24,7,24oz Salad Bowl
2025-04-20,CLAM-BURG,3,Burger Clamshell
2025-04-20,CUP-12OZ,5,12oz Paper Cup
2025-04-20,CUP-16OZ,4,16oz Paper Cup
2025-04-20,CUP-8OZ,6,8oz Paper Cup
2025-04-20,LID-90,6,90mm Dome Lid
2025-04-20,NAP-33,9,33cm Napkin
2025-04-20,STIR-WD,1,Wooden Stirrer
2025-04-21,BOWL-24,8,24oz Salad Bowl
2025-04-21,CLAM-BURG,1,Burger Clamshell
2025-04-21,CUP-12OZ,4,12oz Paper Cup
2025-04-21,CUP-16OZ,2,16oz Paper Cup
2025-04-21,CUP-8OZ,6,8oz Paper Cup
2025-04-21,LID-90,6,90mm Dome Lid
2025-04-21,NAP-33,7,33cm Napkin
2025-04-21,STIR-WD,1,Wooden Stirrer
2025-04-22,BOWL-24,7,24oz Salad Bowl
2025-04-22,CLAM-BURG,2,Burger Clamshell
2025-04-22,CUP-12OZ,5,12oz Paper Cup
2025-04-22,CUP-8OZ,5,8oz Paper Cup
2025-04-22,LID-90,6,90mm Dome Lid
2025-04-22,NAP-33,7,33cm Napkin
2025-04-23,BOWL-24,11,24oz Salad Bowl
2025-04-23,CLAM-BURG,3,Burger Clamshell
2025-04-23,CUP-12OZ,5,12oz Paper Cup
2025-04-23,CUP-16OZ,1,16oz Paper Cup
2025-04-23,CUP-8OZ,6,8oz Paper Cup
2025-04-23,LID-90,5,90mm Dome Lid
2025-04-23,NAP-33,7,33cm Napkin
2025-04-23,STIR-WD,1,Wooden Stirrer
2025-04-24,BOWL-24,8,24oz Salad Bowl
2025-04-24,CLAM-BURG,3,Burger Clamshell
2025-04-24,CUP-12OZ,5,12oz Paper Cup
2025-04-24,CUP-16OZ,3,16oz Paper Cup
2025-04-24,CUP-8OZ,5,8oz Paper Cup
2025-04-24,LID-90,5,90mm Dome Lid
2025-04-24,NAP-33,7,33cm Napkin
2025-04-25,BOWL-24,6,24oz Salad Bowl
2025-04-25,CARR-4CUP,1,4-Cup Carrier
2025-04-25,CLAM-BURG,1,Burger Clamshell
2025-04-25,CUP-12OZ,2,12oz Paper Cup
2025-04-25,CUP-16OZ,2,16oz Paper Cup
2025-04-25,CUP-8OZ,3,8oz Paper Cup
2025-04-25,LID-90,3,90mm Dome Lid
2025-04-25,NAP-33,4,33cm Napkin
2025-04-26,BOWL-24,10,24oz Salad Bowl
2025-04-26,CARR-4CUP,2,4-Cup Carrier
2025-04-26,CLAM-BURG,4,Burger Clamshell
2025-04-26,CUP-12OZ,5,12oz Paper Cup
2025-04-26,CUP-16OZ,3,16oz Paper Cup
2025-04-26,CUP-8OZ,6,8oz Paper Cup
2025-04-26,LID-90,7,90mm Dome Lid
2025-04-26,NAP-33,9,33cm Napkin
2025-04-27,BOWL-24,11,24oz Salad Bowl
2025-04-27,CARR-4CUP,1,4-Cup Carrier
2025-04-27,CLAM-BURG,1,Burger Clamshell
2025-04-27,CUP-12OZ,5,12oz Paper Cup
2025-04-27,CUP-16OZ,3,16oz Paper Cup
2025-04-27,CUP-8OZ,6,8oz Paper Cup
2025-04-27,LID-90,7,90mm Dome Lid
2025-04-27,NAP-33,8,33cm Napkin
2025-04-28,BOWL-24,5,24oz Salad Bowl
2025-04-28,CLAM-BURG,3,Burger Clamshell
2025-04-28,CUP-12OZ,4,12oz Paper Cup
2025-04-28,CUP-16OZ,4,16oz Paper Cup
2025-04-28,CUP-8OZ,5,8oz Paper Cup
2025-04-28,LID-90,5,90mm Dome Lid
2025-04-28,NAP-33,7,33cm Napkin
2025-04-29,BOWL-24,7,24oz Salad Bowl
2025-04-29,CLAM-BURG,3,Burger Clamshell
2025-04-29,CUP-12OZ,5,12oz Paper Cup
2025-04-29,CUP-16OZ,3,16oz Paper Cup
2025-04-29,CUP-8OZ,6,8oz Paper Cup
2025-04-29,LID-90,6,90mm Dome Lid
2025-04-29,NAP-33,8,33cm Napkin
2025-04-30,BOWL-24,10,24oz Salad Bowl
2025-04-30,CLAM-BURG,2,Burger Clamshell
2025-04-30,CUP-12OZ,4,12oz Paper Cup
2025-04-30,CUP-16OZ,2,16oz Paper Cup
2025-04-30,CUP-8OZ,6,8oz Paper Cup
2025-04-30,LID-90,5,90mm Dome Lid
2025-04-30,NAP-33,8,33cm Napkin
2025-05-01,BOWL-24,3,24oz Salad Bowl
2025-05-01,CLAM-BURG,4,Burger Clamshell
2025-05-01,CUP-12OZ,5,12oz Paper Cup
2025-05-01,CUP-16OZ,4,16oz Paper Cup
2025-05-01,CUP-8OZ,5,8oz Paper Cup
2025-05-01,LID-90,7,90mm Dome Lid
2025-05-01,NAP-33,7,33cm Napkin
2025-05-02,BOWL-24,8,24oz Salad Bowl
2025-05-02,CLAM-BURG,2,Burger Clamshell
2025-05-02,CUP-12OZ,2,12oz Paper Cup
2025-05-02,CUP-16OZ,3,16oz Paper Cup
2025-05-02,CUP-8OZ,3,8oz Paper Cup
2025-05-02,LID-90,3,90mm Dome Lid
2025-05-02,NAP-33,4,33cm Napkin
2025-05-02,STIR-WD,1,Wooden Stirrer
2025-05-03,BOWL-24,6,24oz Salad Bowl
2025-05-03,CLAM-BURG,3,Burger Clamshell
2025-05-03,CUP-12OZ,6,12oz Paper Cup
2025-05-03,CUP-16OZ,1,16oz Paper Cup
2025-05-03,CUP-8OZ,6,8oz Paper Cup
2025-05-03,LID-90,7,90mm Dome Lid
2025-05-03,NAP-33,9,33cm Napkin
2025-05-04,BOWL-24,14,24oz Salad Bowl
2025-05-04,CLAM-BURG,1,Burger Clamshell
2025-05-04,CUP-12OZ,5,12oz Paper Cup
2025-05-04,CUP-16OZ,3,16oz Paper Cup
2025-05-04,CUP-8OZ,6,8oz Paper Cup
2025-05-04,LID-90,6,90mm Dome Lid
2025-05-04,NAP-33,8,33cm Napkin
2025-05-05,BOWL-24,12,24oz Salad Bowl
2025-05-05,CLAM-BURG,4,Burger Clamshell
2025-05-05,CUP-12OZ,4,12oz Paper Cup
2025-05-05,CUP-16OZ,3,16oz Paper Cup
2025-05-05,CUP-8OZ,6,8oz Paper Cup
2025-05-05,LID-90,6,90mm Dome Lid
2025-05-05,NAP-33,7,33cm Napkin
2025-05-06,BOWL-24,10,24oz Salad Bowl
2025-05-06,CLAM-BURG,2,Burger Clamshell
2025-05-06,CUP-12OZ,4,12oz Paper Cup
2025-05-06,CUP-16OZ,2,16oz Paper Cup
2025-05-06,CUP-8OZ,6,8oz Paper Cup
2025-05-06,LID-90,5,90mm Dome Lid
2025-05-06,NAP-33,8,33cm Napkin
2025-05-07,BOWL-24,8,24oz Salad Bowl
2025-05-07,CLAM-BURG,2,Burger Clamshell
2025-05-07,CUP-12OZ,5,12oz Paper Cup
2025-05-07,CUP-16OZ,5,16oz Paper Cup
2025-05-07,CUP-8OZ,6,8oz Paper Cup
2025-05-07,LID-90,7,90mm Dome Lid
2025-05-07,NAP-33,8,33cm Napkin
2025-05-08,BOWL-24,9,24oz Salad Bowl
2025-05-08,CLAM-BURG,5,Burger Clamshell
2025-05-08,CUP-12OZ,5,12oz Paper Cup
2025-05-08,CUP-16OZ,4,16oz Paper Cup
2025-05-08,CUP-8OZ,5,8oz Paper Cup
2025-05-08,LID-90,5,90mm Dome Lid
2025-05-08,NAP-33,8,33cm Napkin
2025-05-09,BOWL-24,5,24oz Salad Bowl
2025-05-09,CLAM-BURG,2,Burger Clamshell
2025-05-09,CUP-12OZ,2,12oz Paper Cup
2025-05-09,CUP-16OZ,3,16oz Paper Cup
2025-05-09,CUP-8OZ,3,8oz Paper Cup
2025-05-09,LID-90,3,90mm Dome Lid
2025-05-09,NAP-33,5,33cm Napkin
2025-05-10,BOWL-24,14,24oz Salad Bowl
2025-05-10,CLAM-BURG,4,Burger Clamshell
2025-05-10,CUP-12OZ,5,12oz Paper Cup
2025-05-10,CUP-16OZ,4,16oz Paper Cup
2025-05-10,CUP-8OZ,7,8oz Paper Cup
2025-05-10,LID-90,6,90mm Dome Lid
2025-05-10,NAP-33,9,33cm Napkin
2025-05-10,STIR-WD,3,Wooden Stirrer
2025-05-11,BOWL-24,18,24oz Salad Bowl
2025-05-11,CLAM-BURG,1,Burger Clamshell
2025-05-11,CUP-12OZ,5,12oz Paper Cup
2025-05-11,CUP-16OZ,3,16oz Paper Cup
2025-05-11,CUP-8OZ,6,8oz Paper Cup
2025-05-11,LID-90,6,90mm Dome Lid
2025-05-11,NAP-33,8,33cm Napkin
2025-05-12,BOWL-24,10,24oz Salad Bowl
2025-05-12,CLAM-BURG,3,Burger Clamshell
2025-05-12,CUP-12OZ,5,12oz Paper Cup
2025-05-12,CUP-16OZ,3,16oz Paper Cup
2025-05-12,CUP-8OZ,6,8oz Paper Cup
2025-05-12,LID-90,5,90mm Dome Lid
2025-05-12,NAP-33,7,33cm Napkin
2025-05-13,BOWL-24,7,24oz Salad Bowl
2025-05-13,CLAM-BURG,5,Burger Clamshell
2025-05-13,CUP-12OZ,4,12oz Paper Cup
2025-05-13,CUP-16OZ,4,16oz Paper Cup
2025-05-13,CUP-8OZ,6,8oz Paper Cup
2025-05-13,LID-90,6,90mm Dome Lid
2025-05-13,NAP-33,7,33cm Napkin
2025-05-13,STIR-WD,1,Wooden Stirrer
2025-05-14,BOWL-24,10,24oz Salad Bowl
2025-05-14,CLAM-BURG,4,Burger Clamshell
2025-05-14,CUP-12OZ,4,12oz Paper Cup
2025-05-14,CUP-16OZ,3,16oz Paper Cup
2025-05-14,CUP-8OZ,5,8oz Paper Cup
2025-05-14,LID-90,5,90mm Dome Lid
2025-05-14,NAP-33,7,33cm Napkin
2025-05-15,BOWL-24,8,24oz Salad Bowl
2025-05-15,CLAM-BURG,3,Burger Clamshell
2025-05-15,CUP-12OZ,4,12oz Paper Cup
2025-05-15,CUP-16OZ,3,16oz Paper Cup
2025-05-15,CUP-8OZ,6,8oz Paper Cup
2025-05-15,LID-90,6,90mm Dome Lid
2025-05-15,NAP-33,8,33cm Napkin
2025-05-16,BOWL-24,6,24oz Salad Bowl
2025-05-16,CLAM-BURG,1,Burger Clamshell
2025-05-16,CUP-12OZ,3,12oz Paper Cup
2025-05-16,CUP-16OZ,2,16oz Paper Cup
2025-05-16,CUP-8OZ,3,8oz Paper Cup
2025-05-16,LID-90,3,90mm Dome Lid
2025-05-16,NAP-33,4,33cm Napkin
2025-05-17,BOWL-24,7,24oz Salad Bowl
2025-05-17,CLAM-BURG,6,Burger Clamshell
2025-05-17,CUP-12OZ,6,12oz Paper Cup
2025-05-17,CUP-16OZ,3,16oz Paper Cup
2025-05-17,CUP-8OZ,6,8oz Paper Cup
2025-05-17,LID-90,5,90mm Dome Lid
2025-05-17,NAP-33,8,33cm Napkin
2025-05-18,BOWL-24,6,24oz Salad Bowl
2025-05-18,CLAM-BURG,4,Burger Clamshell
2025-05-18,CUP-12OZ,6,12oz Paper Cup
2025-05-18,CUP-16OZ,5,16oz Paper Cup
2025-05-18,CUP-8OZ,6,8oz Paper Cup
2025-05-18,LID-90,6,90mm Dome Lid
2025-05-18,NAP-33,9,33cm Napkin
2025-05-19,BOWL-24,7,24oz Salad Bowl
2025-05-19,CLAM-BURG,3,Burger Clamshell
2025-05-19,CUP-12OZ,5,12oz Paper Cup
2025-05-19,CUP-16OZ,2,16oz Paper Cup
2025-05-19,CUP-8OZ,6,8oz Paper Cup
2025-05-19,LID-90,5,90mm Dome Lid
2025-05-19,NAP-33,6,33cm Napkin
2025-05-19,STIR-WD,2,Wooden Stirrer
2025-05-20,BOWL-24,4,24oz Salad Bowl
2025-05-20,CLAM-BURG,3,Burger Clamshell
2025-05-20,CUP-12OZ,4,12oz Paper Cup
2025-05-20,CUP-16OZ,3,16oz Paper Cup
2025-05-20,CUP-8OZ,5,8oz Paper Cup
2025-05-20,LID-90,6,90mm Dome Lid
2025-05-20,NAP-33,8,33cm Napkin
2025-05-21,BOWL-24,11,24oz Salad Bowl
2025-05-21,CLAM-BURG,1,Burger Clamshell
2025-05-21,CUP-12OZ,5,12oz Paper Cup
2025-05-21,CUP-16OZ,3,16oz Paper Cup
2025-05-21,CUP-8OZ,5,8oz Paper Cup
2025-05-21,LID-90,5,90mm Dome Lid
2025-05-21,NAP-33,8,33cm Napkin
2025-05-22,BOWL-24,10,24oz Salad Bowl
2025-05-22,CLAM-BURG,3,Burger Clamshell
2025-05-22,CUP-12OZ,4,12oz Paper Cup
2025-05-22,CUP-16OZ,5,16oz Paper Cup
2025-05-22,CUP-8OZ,6,8oz Paper Cup
2025-05-22,LID-90,6,90mm Dome Lid
2025-05-22,NAP-33,8,33cm Napkin
2025-05-23,BOWL-24,4,24oz Salad Bowl
2025-05-23,CLAM-BURG,2,Burger Clamshell
2025-05-23,CUP-12OZ,2,12oz Paper Cup
2025-05-23,CUP-16OZ,2,16oz Paper Cup
2025-05-23,CUP-8OZ,3,8oz Paper Cup
2025-05-23,LID-90,3,90mm Dome Lid
2025-05-23,NAP-33,4,33cm Napkin
2025-05-23,STIR-WD,1,Wooden Stirrer
2025-05-24,BOWL-24,4,24oz Salad Bowl
2025-05-24,CLAM-BURG,5,Burger Clamshell
2025-05-24,CUP-12OZ,6,12oz Paper Cup
2025-05-24,CUP-16OZ,6,16oz Paper Cup
2025-05-24,CUP-8OZ,6,8oz Paper Cup
2025-05-24,LID-90,6,90mm Dome Lid
2025-05-24,NAP-33,9,33cm Napkin
2025-05-24,STIR-WD,1,Wooden Stirrer
2025-05-25,BOWL-24,12,24oz Salad Bowl
2025-05-25,CUP-12OZ,5,12oz Paper Cup
2025-05-25,CUP-16OZ,3,16oz Paper Cup
2025-05-25,CUP-8OZ,7,8oz Paper Cup
2025-05-25,LID-90,5,90mm Dome Lid
2025-05-25,NAP-33,9,33cm Napkin
2025-05-25,STIR-WD,1,Wooden Stirrer
2025-05-26,BOWL-24,10,24oz Salad Bowl
2025-05-26,CLAM-BURG,4,Burger Clamshell
2025-05-26,CUP-12OZ,5,12oz Paper Cup
2025-05-26,CUP-16OZ,4,16oz Paper Cup
2025-05-26,CUP-8OZ,5,8oz Paper Cup
2025-05-26,LID-90,6,90mm Dome Lid
2025-05-26,NAP-33,7,33cm Napkin
2025-05-27,BOWL-24,4,24oz Salad Bowl
2025-05-27,CLAM-BURG,2,Burger Clamshell
2025-05-27,CUP-12OZ,5,12oz Paper Cup
2025-05-27,CUP-16OZ,3,16oz Paper Cup
2025-05-27,CUP-8OZ,5,8oz Paper Cup
2025-05-27,LID-90,6,90mm Dome Lid
2025-05-27,NAP-33,8,33cm Napkin
2025-05-28,BOWL-24,8,24oz Salad Bowl
2025-05-28,CLAM-BURG,5,Burger Clamshell
2025-05-28,CUP-12OZ,4,12oz Paper Cup
2025-05-28,CUP-16OZ,3,16oz Paper Cup
2025-05-28,CUP-8OZ,5,8oz Paper Cup
2025-05-28,LID-90,6,90mm Dome Lid
2025-05-28,NAP-33,7,33cm Napkin
2025-05-28,SLEEVE-12,25,12oz Cup Sleeve
2025-05-28,STIR-WD,1,Wooden Stirrer
2025-05-29,BOWL-24,9,24oz Salad Bowl
2025-05-29,CLAM-BURG,4,Burger Clamshell
2025-05-29,CUP-12OZ,5,12oz Paper Cup
2025-05-29,CUP-16OZ,3,16oz Paper Cup
2025-05-29,CUP-8OZ,6,8oz Paper Cup
2025-05-29,LID-90,6,90mm Dome Lid
2025-05-29,NAP-33,7,33cm Napkin
2025-05-30,BOWL-24,5,24oz Salad Bowl
2025-05-30,CLAM-BURG,1,Burger Clamshell
2025-05-30,CUP-12OZ,2,12oz Paper Cup
2025-05-30,CUP-16OZ,2,16oz Paper Cup
2025-05-30,CUP-8OZ,3,8oz Paper Cup
2025-05-30,LID-90,3,90mm Dome Lid
2025-05-30,NAP-33,4,33cm Napkin
2025-05-30,STIR-WD,1,Wooden Stirrer
2025-05-31,BOWL-24,14,24oz Salad Bowl
2025-05-31,CLAM-BURG,1,Burger Clamshell
2025-05-31,CUP-12OZ,5,12oz Paper Cup
2025-05-31,CUP-16OZ,3,16oz Paper Cup
2025-05-31,CUP-8OZ,6,8oz Paper Cup
2025-05-31,LID-90,6,90mm Dome Lid
2025-05-31,NAP-33,8,33cm Napkin
2025-06-01,BOWL-24,16,24oz Salad Bowl
2025-06-01,CLAM-BURG,4,Burger Clamshell
2025-06-01,CUP-12OZ,6,12oz Paper Cup
2025-06-01,CUP-16OZ,4,16oz Paper Cup
2025-06-01,CUP-8OZ,8,8oz Paper Cup
2025-06-01,LID-90,9,90mm Dome Lid
2025-06-01,NAP-33,9,33cm Napkin
2025-06-02,BOWL-24,7,24oz Salad Bowl
2025-06-02,CLAM-BURG,2,Burger Clamshell
2025-06-02,CUP-12OZ,5,12oz Paper Cup
2025-06-02,CUP-16OZ,6,16oz Paper Cup
2025-06-02,CUP-8OZ,7,8oz Paper Cup
2025-06-02,LID-90,8,90mm Dome Lid
2025-06-02,NAP-33,8,33cm Napkin
2025-06-03,BOWL-24,7,24oz Salad Bowl
2025-06-03,CLAM-BURG,5,Burger Clamshell
2025-06-03,CUP-12OZ,7,12oz Paper Cup
2025-06-03,CUP-16OZ,3,16oz Paper Cup
2025-06-03,CUP-8OZ,7,8oz Paper Cup
2025-06-03,LID-90,6,90mm Dome Lid
2025-06-03,NAP-33,9,33cm Napkin
2025-06-04,BOWL-24,8,24oz Salad Bowl
2025-06-04,CLAM-BURG,3,Burger Clamshell
2025-06-04,CUP-12OZ,5,12oz Paper Cup
2025-06-04,CUP-16OZ,3,16oz Paper Cup
2025-06-04,CUP-8OZ,6,8oz Paper Cup
2025-06-04,LID-90,7,90mm Dome Lid
2025-06-04,NAP-33,8,33cm Napkin
2025-06-05,BOWL-24,10,24oz Salad Bowl
2025-06-05,CLAM-BURG,2,Burger Clamshell
2025-06-05,CUP-12OZ,6,12oz Paper Cup
2025-06-05,CUP-16OZ,3,16oz Paper Cup
2025-06-05,CUP-8OZ,6,8oz Paper Cup
2025-06-05,LID-90,7,90mm Dome Lid
2025-06-05,NAP-33,10,33cm Napkin
2025-06-05,STIR-WD,1,Wooden Stirrer
2025-06-06,CLAM-BURG,2,Burger Clamshell
2025-06-06,CUP-12OZ,3,12oz Paper Cup
2025-06-06,CUP-16OZ,2,16oz Paper Cup
2025-06-06,CUP-8OZ,4,8oz Paper Cup
2025-06-06,LID-90,4,90mm Dome Lid
2025-06-06,NAP-33,5,33cm Napkin
2025-06-06,STIR-WD,1,Wooden Stirrer
2025-06-07,BOWL-24,5,24oz Salad Bowl
2025-06-07,CLAM-BURG,4,Burger Clamshell
2025-06-07,CUP-12OZ,7,12oz Paper Cup
2025-06-07,CUP-16OZ,3,16oz Paper Cup
2025-06-07,CUP-8OZ,7,8oz Paper Cup
2025-06-07,LID-90,8,90mm Dome Lid
2025-06-07,NAP-33,10,33cm Napkin
2025-06-07,STIR-WD,1,Wooden Stirrer
2025-06-08,BOWL-24,12,24oz Salad Bowl
2025-06-08,CLAM-BURG,2,Burger Clamshell
2025-06-08,CUP-12OZ,6,12oz Paper Cup
2025-06-08,CUP-16OZ,4,16oz Paper Cup
2025-06-08,CUP-8OZ,7,8oz Paper Cup
2025-06-08,LID-90,8,90mm Dome Lid
2025-06-08,NAP-33,10,33cm Napkin
2025-06-09,BOWL-24,7,24oz Salad Bowl
2025-06-09,CLAM-BURG,5,Burger Clamshell
2025-06-09,CUP-12OZ,5,12oz Paper Cup
2025-06-09,CUP-16OZ,3,16oz Paper Cup
2025-06-09,CUP-8OZ,7,8oz Paper Cup
2025-06-09,LID-90,7,90mm Dome Lid
2025-06-09,NAP-33,10,33cm Napkin
2025-06-09,STIR-WD,2,Wooden Stirrer
2025-06-10,BOWL-24,9,24oz Salad Bowl
2025-06-10,CLAM-BURG,3,Burger Clamshell
2025-06-10,CUP-12OZ,4,12oz Paper Cup
2025-06-10,CUP-16OZ,5,16oz Paper Cup
2025-06-10,CUP-8OZ,7,8oz Paper Cup
2025-06-10,LID-90,7,90mm Dome Lid
2025-06-10,NAP-33,10,33cm Napkin
2025-06-10,SLEEVE-12,23,12oz Cup Sleeve
2025-06-11,BOWL-24,11,24oz Salad Bowl
2025-06-11,CLAM-BURG,6,Burger Clamshell
2025-06-11,CUP-12OZ,6,12oz Paper Cup
2025-06-11,CUP-16OZ,4,16oz Paper Cup
2025-06-11,CUP-8OZ,7,8oz Paper Cup
2025-06-11,LID-90,6,90mm Dome Lid
2025-06-11,NAP-33,9,33cm Napkin
2025-06-11,STIR-WD,1,Wooden Stirrer
2025-06-12,BOWL-24,9,24oz Salad Bowl
2025-06-12,CLAM-BURG,2,Burger Clamshell
2025-06-12,CUP-12OZ,6,12oz Paper Cup
2025-06-12,CUP-16OZ,5,16oz Paper Cup
2025-06-12,CUP-8OZ,7,8oz Paper Cup
2025-06-12,LID-90,8,90mm Dome Lid
2025-06-12,NAP-33,9,33cm Napkin
2025-06-13,BOWL-24,1,24oz Salad Bowl
2025-06-13,CLAM-BURG,2,Burger Clamshell
2025-06-13,CUP-12OZ,3,12oz Paper Cup
2025-06-13,CUP-16OZ,3,16oz Paper Cup
2025-06-13,CUP-8OZ,4,8oz Paper Cup
2025-06-13,LID-90,3,90mm Dome Lid
2025-06-13,NAP-33,5,33cm Napkin
2025-06-14,BOWL-24,16,24oz Salad Bowl
2025-06-14,CLAM-BURG,4,Burger Clamshell
2025-06-14,CUP-12OZ,7,12oz Paper Cup
2025-06-14,CUP-16OZ,5,16oz Paper Cup
2025-06-14,CUP-8OZ,8,8oz Paper Cup
2025-06-14,LID-90,8,90mm Dome Lid
2025-06-14,NAP-33,10,33cm Napkin
2025-06-15,BOWL-24,7,24oz Salad Bowl
2025-06-15,CLAM-BURG,2,Burger Clamshell
2025-06-15,CUP-12OZ,7,12oz Paper Cup
2025-06-15,CUP-16OZ,3,16oz Paper Cup
2025-06-15,CUP-8OZ,7,8oz Paper Cup
2025-06-15,LID-90,9,90mm Dome Lid
2025-06-15,NAP-33,9,33cm Napkin
2025-06-15,STIR-WD,1,Wooden Stirrer
2025-06-16,BOWL-24,8,24oz Salad Bowl
2025-06-16,CLAM-BURG,2,Burger Clamshell
2025-06-16,CUP-12OZ,7,12oz Paper Cup
2025-06-16,CUP-16OZ,3,16oz Paper Cup
2025-06-16,CUP-8OZ,7,8oz Paper Cup
2025-06-16,LID-90,6,90mm Dome Lid
2025-06-16,NAP-33,9,33cm Napkin
2025-06-16,STIR-WD,1,Wooden Stirrer
2025-06-17,BOWL-24,11,24oz Salad Bowl
2025-06-17,CLAM-BURG,5,Burger Clamshell
2025-06-17,CUP-12OZ,6,12oz Paper Cup
2025-06-17,CUP-16OZ,6,16oz Paper Cup
2025-06-17,CUP-8OZ,6,8oz Paper Cup
2025-06-17,LID-90,8,90mm Dome Lid
2025-06-17,NAP-33,10,33cm Napkin
2025-06-17,SLEEVE-12,16,12oz Cup Sleeve
2025-06-18,BOWL-24,14,24oz Salad Bowl
2025-06-18,CLAM-BURG,3,Burger Clamshell
2025-06-18,CUP-12OZ,6,12oz Paper Cup
2025-06-18,CUP-16OZ,6,16oz Paper Cup
2025-06-18,CUP-8OZ,6,8oz Paper Cup
2025-06-18,LID-90,6,90mm Dome Lid
2025-06-18,NAP-33,9,33cm Napkin
2025-06-18,STIR-WD,2,Wooden Stirrer
2025-06-19,BOWL-24,10,24oz Salad Bowl
2025-06-19,CLAM-BURG,3,Burger Clamshell
2025-06-19,CUP-12OZ,6,12oz Paper Cup
2025-06-19,CUP-16OZ,2,16oz Paper Cup
2025-06-19,CUP-8OZ,7,8oz Paper Cup
2025-06-19,LID-90,7,90mm Dome Lid
2025-06-19,NAP-33,9,33cm Napkin
2025-06-20,BOWL-24,2,24oz Salad Bowl
2025-06-20,CLAM-BURG,1,Burger Clamshell
2025-06-20,CUP-12OZ,3,12oz Paper Cup
2025-06-20,CUP-16OZ,2,16oz Paper Cup
2025-06-20,CUP-8OZ,3,8oz Paper Cup
2025-06-20,LID-90,4,90mm Dome Lid
2025-06-20,NAP-33,6,33cm Napkin
2025-06-20,STIR-WD,1,Wooden Stirrer
2025-06-21,BOWL-24,3,24oz Salad Bowl
2025-06-21,CLAM-BURG,5,Burger Clamshell
2025-06-21,CUP-12OZ,6,12oz Paper Cup
2025-06-21,CUP-16OZ,3,16oz Paper Cup
2025-06-21,CUP-8OZ,7,8oz Paper Cup
2025-06-21,LID-90,8,90mm Dome Lid
2025-06-21,NAP-33,10,33cm Napkin
2025-06-22,BOWL-24,3,24oz Salad Bowl
2025-06-22,CLAM-BURG,6,Burger Clamshell
2025-06-22,CUP-12OZ,6,12oz Paper Cup
2025-06-22,CUP-16OZ,8,16oz Paper Cup
2025-06-22,CUP-8OZ,8,8oz Paper Cup
2025-06-22,LID-90,8,90mm Dome Lid
2025-06-22,NAP-33,11,33cm Napkin
2025-06-23,BOWL-24,8,24oz Salad Bowl
2025-06-23,CLAM-BURG,3,Burger Clamshell
2025-06-23,CUP-12OZ,6,12oz Paper Cup
2025-06-23,CUP-16OZ,4,16oz Paper Cup
2025-06-23,CUP-8OZ,7,8oz Paper Cup
2025-06-23,LID-90,7,90mm Dome Lid
2025-06-23,NAP-33,11,33cm Napkin
2025-06-23,SLEEVE-12,23,12oz Cup Sleeve
2025-06-23,STIR-WD,1,Wooden Stirrer
2025-06-24,BOWL-24,13,24oz Salad Bowl
2025-06-24,CLAM-BURG,4,Burger Clamshell
2025-06-24,CUP-12OZ,6,12oz Paper Cup
2025-06-24,CUP-16OZ,2,16oz Paper Cup
2025-06-24,CUP-8OZ,7,8oz Paper Cup
2025-06-24,LID-90,7,90mm Dome Lid
2025-06-24,NAP-33,11,33cm Napkin
2025-06-25,BOWL-24,3,24oz Salad Bowl
2025-06-25,CLAM-BURG,3,Burger Clamshell
2025-06-25,CUP-12OZ,5,12oz Paper Cup
2025-06-25,CUP-16OZ,3,16oz Paper Cup
2025-06-25,CUP-8OZ,6,8oz Paper Cup
2025-06-25,LID-90,7,90mm Dome Lid
2025-06-25,NAP-33,8,33cm Napkin
2025-06-26,BOWL-24,3,24oz Salad Bowl
2025-06-26,CLAM-BURG,5,Burger Clamshell
2025-06-26,CUP-12OZ,5,12oz Paper Cup
2025-06-26,CUP-16OZ,2,16oz Paper Cup
2025-06-26,CUP-8OZ,5,8oz Paper Cup
2025-06-26,LID-90,7,90mm Dome Lid
2025-06-26,NAP-33,10,33cm Napkin
2025-06-27,BOWL-24,4,24oz Salad Bowl
2025-06-27,CLAM-BURG,2,Burger Clamshell
2025-06-27,CUP-12OZ,3,12oz Paper Cup
2025-06-27,CUP-16OZ,1,16oz Paper Cup
2025-06-27,CUP-8OZ,4,8oz Paper Cup
2025-06-27,LID-90,4,90mm Dome Lid
2025-06-27,NAP-33,5,33cm Napkin
2025-06-28,BOWL-24,2,24oz Salad Bowl
2025-06-28,CLAM-BURG,2,Burger Clamshell
2025-06-28,CUP-12OZ,7,12oz Paper Cup
2025-06-28,CUP-16OZ,4,16oz Paper Cup
2025-06-28,CUP-8OZ,6,8oz Paper Cup
2025-06-28,LID-90,7,90mm Dome Lid
2025-06-28,NAP-33,13,33cm Napkin
2025-06-28,SLEEVE-12,36,12oz Cup Sleeve
2025-06-28,STIR-WD,1,Wooden Stirrer
2025-06-29,BOWL-24,12,24oz Salad Bowl
2025-06-29,CLAM-BURG,4,Burger Clamshell
2025-06-29,CUP-12OZ,6,12oz Paper Cup
2025-06-29,CUP-16OZ,3,16oz Paper Cup
2025-06-29,CUP-8OZ,7,8oz Paper Cup
2025-06-29,LID-90,9,90mm Dome Lid
2025-06-29,NAP-33,12,33cm Napkin
2025-06-30,BOWL-24,9,24oz Salad Bowl
2025-06-30,CLAM-BURG,4,Burger Clamshell
2025-06-30,CUP-12OZ,5,12oz Paper Cup
2025-06-30,CUP-16OZ,5,16oz Paper Cup
2025-06-30,CUP-8OZ,7,8oz Paper Cup
2025-06-30,LID-90,7,90mm Dome Lid
2025-06-30,NAP-33,10,33cm Napkin
